srun: job 52220 queued and waiting for resources
srun: job 52220 has been allocated resources
<module 'gsplat_cuda' from '/datapool/mawb/.cache/torch_extensions/py311_cu126/gsplat_cuda/gsplat_cuda.so'>
W0905 14:58:48.897000 1165619 /datapool/mawb/anaconda3/envs/tokengs/lib/python3.11/site-packages/torch/distributed/run.py:766] 
W0905 14:58:48.897000 1165619 /datapool/mawb/anaconda3/envs/tokengs/lib/python3.11/site-packages/torch/distributed/run.py:766] *****************************************
W0905 14:58:48.897000 1165619 /datapool/mawb/anaconda3/envs/tokengs/lib/python3.11/site-packages/torch/distributed/run.py:766] Setting OMP_NUM_THREADS environment variable for each process to be 1 in default, to avoid your system being overloaded, please further tune the variable for optimal performance in your application as needed. 
W0905 14:58:48.897000 1165619 /datapool/mawb/anaconda3/envs/tokengs/lib/python3.11/site-packages/torch/distributed/run.py:766] *****************************************
Options(evaluating=False, workspace='workspace/semantic_v6_absolute_units_true_shared_head_only_m0_ddp8', resume='workspace/semantic_v6_absolute_units_recon_full3/model_best.safetensors', model_type='semantic_tokengs_v6', seed=42, use_wandb=False, experiment_name='semantic_v6_absolute_units_true_shared_head_only_m0_ddp8', out_dir='outputs', project_name='TokenGS', img_size=(256, 256), patch_size=8, dec_patch_size=8, enc_depth=3, dec_depth=12, enc_embed_dim=1024, enc_num_heads=16, mlp_ratio=4, clip_head_readout_std=0.002, clip_head_z_init=None, dec_init_values=None, bg_color='grey', gaussian_scale_cap=0.075, opacity_bias=2.0, gaussian_z_offset=1.0, num_gs_tokens=1024, token_dim=1024, gs_token_std=0.01, gs_token_init='learnable', anchor_3d_query_source='hidden', anchor_3d_pos_scale=0.1, anchor_3d_pos_freqs=4, anchor_3d_pass_decoder=False, instance_group_condition_generator=False, instance_group_condition_geometry_scale=0.05, instance_branch_independent=False, instance_branch_num_groups=100, instance_branch_anchor_dim=256, instance_branch_num_heads=8, instance_branch_num_layers=2, instance_branch_gaussians_per_anchor=16, instance_branch_pos_offset_scale=0.2, instance_branch_scale_delta_amp=0.5, instance_branch_opacity_delta_amp=0.3, instance_branch_rgb_delta_amp=0.5, instance_branch_token_units=False, instance_branch_units_per_token=8, instance_branch_unit_feat_dim=128, instance_branch_unit_layers=2, instance_branch_unit_temp=5.0, instance_branch_unit_entropy=0.05, instance_branch_unit_compactness=0.05, instance_branch_unit_purity=False, instance_branch_unit_purity_weight=0.1, instance_branch_gs_refine=False, instance_branch_gs_refine_scale=0.1, instance_branch_gs_refine_dim=64, instance_branch_scene_prototypes=False, instance_branch_num_slots=100, instance_branch_slot_dim=128, instance_branch_slot_iterations=3, instance_branch_slot_temp=5.0, instance_branch_unit_resume='', instance_branch_unit_embedding=False, instance_branch_unit_encoder=False, instance_branch_embed_dim=128, instance_branch_embed_temp=0.1, instance_branch_embed_loss=1.0, instance_branch_embed_loss_mode='info_nce', instance_branch_embed_sample=0, instance_branch_embed_proto_temp=0.1, instance_branch_embed_margin=0.2, instance_branch_embed_margin_weight=1.0, instance_branch_embed_center_push_margin=0.2, instance_branch_embed_center_push_weight=0.1, instance_branch_unit_image=False, instance_branch_unit_image_dim=64, instance_branch_unit_dino=False, instance_branch_unit_dino_dim=64, grad_scale_sem=0.3, grad_scale_ins=0.1, generative_units=False, gen_teacher_distill=False, gen_teacher_decay_steps=1500, gen_teacher_gs_weight=1.0, gen_teacher_rgb_weight=1.0, instance_branch_abs_units=True, abs_bootstrap_steps=1000000000, abs_teacher_decay_steps=1, abs_instance_warmup_steps=1000000000, abs_teacher_gs_weight=1.0, abs_teacher_rgb_weight=1.0, abs_freeze_instance=False, abs_ckpt_every=125, abs_joint_guarded=False, guarded_instance_head_reinit=False, guarded_instance_warmup_steps=1000, guarded_instance_full_joint_steps=5680, guarded_lambda_instance_max=0.05, guarded_abs_lr=1e-05, guarded_instance_lr=0.0001, abs_true_shared_units=True, tsh_instance_warmup_steps=125, tsh_instance_ramp_end_steps=710, tsh_lambda_instance=0.05, tsh_unit_gradient_multiplier_max=0.0, tsh_abs_lr=1e-05, tsh_instance_lr=0.0001, tsh_num_groups=100, tsh_num_heads=8, tsh_num_layers=2, tsh_ddp8=True, instance_branch_grounding=False, instance_branch_grounding_dim=64, instance_branch_grounding_3d_pull=0.0, instance_branch_grounding_3d_push=0.0, instance_branch_grounding_3d_margin=0.2, instance_branch_dynamic_queries=False, instance_branch_num_queries=128, instance_branch_query_dim=128, instance_branch_query_layers=2, instance_branch_query_diversity=0.0, instance_branch_query_diversity_margin=0.1, instance_branch_center_offset=False, instance_branch_center_offset_hidden=256, instance_center_loss_weight=1.0, instance_branch_pseudo_conf=0.0, instance_branch_pseudo_min_views=0, instance_branch_pseudo_unit_min_mass=0.0, instance_branch_scene_assignment=False, instance_branch_scene_slots=100, instance_branch_scene_slot_iters=3, instance_branch_scene_slot_temp=5.0, instance_branch_scene_slot_pos_weight=1.0, instance_branch_scene_slot_entropy=0.05, instance_branch_scene_slot_void=0.1, instance_branch_scene_slot_unmatched=0.1, instance_branch_scene_slot_min_mass=1.0, instance_branch_dpg=False, instance_branch_dpg_proto_dim=256, instance_branch_dpg_heads=4, instance_branch_dpg_layers=2, instance_branch_dpg_proto_weight=1.0, instance_branch_render_space=False, instance_branch_render_space_pull=1.0, instance_branch_render_space_push=0.5, instance_branch_render_space_cross=1.0, instance_branch_render_space_margin_push=0.5, instance_branch_render_space_margin_cross=0.2, instance_branch_render_space_info_nce=0.0, instance_branch_render_space_info_temp=0.2, instance_branch_render_space_info_samples=32, instance_branch_direct_gs=False, instance_branch_direct_gs_embed_dim=8, instance_branch_direct_gs_hidden=128, instance_branch_direct_gs_dino=True, instance_branch_direct_gs_pull=1.0, instance_branch_direct_gs_push=2.0, instance_branch_direct_gs_cross=1.0, instance_branch_direct_gs_margin_push=1.0, instance_branch_direct_gs_margin_cross=0.2, instance_branch_direct_gs_info_nce=1.0, instance_branch_direct_gs_info_temp=0.1, instance_branch_direct_gs_info_samples=32, instance_branch_backprop_token=False, lambda_scene_assignment_unit=1.0, instance_branch_cluster_pos_weight=1.0, instance_branch_cluster_eps=0.5, instance_branch_void_fg_share=0.5, instance_branch_sic_units=False, instance_branch_sic_queries=128, instance_branch_sic_dim=256, instance_branch_sic_heads=4, instance_branch_sic_layers=2, instance_branch_sic_usage=0.02, num_dynamic_gs_tokens=0, init_dynamic_tokens_from_static=False, init_tokens_from_existing=False, init_latents_from_existing=False, data_mode=(('scannet_prompt_small', 1),), num_views=15, num_input_views=8, znear=0.025, zfar=125.0, camera_normalization_method='first_cam', camera_scale_method='constant', pointmap_trim_lo=0.0, pointmap_trim_hi=1.0, num_workers=0, dataset_kwargs={'small_manifest_path': '/space/mawb/tokengs/data/scannet_prompt/scannet_prompt_full_wide_8x7.json', 'train_manifest_path': '/space/mawb/tokengs/data/scannet_prompt/scannet_c3g8_train_provisional.json', 'query_bank_path': '/space/mawb/tokengs/data/scannet_prompt/scannet_c3g8_query_bank.json'}, prompt_mode='manifest', query_image_size=(224, 224), prompt_image_probability=0.5, prompt_min_target_pixels=64, prompt_same_scene_query_min_gap=90, prompt_same_scene_query_ratio=0.5, prompt_training=True, prompt_tokengs_checkpoint='/space/mawb/tokengs/workspace/scannet_recon_finetune_base_8k/tokengs_backbone_step_008000.safetensors', prompt_semantic_adapter_resume='', prompt_clip_model_path='/space/mawb/tokengs/checkpoints/clip-vit-large-patch14', prompt_hidden_dim=128, prompt_attention_heads=4, prompt_mixed_text_weight=0.5, prompt_image_pooling='masked_input_cls', prompt_lambda_bce=1.0, prompt_lambda_dice=1.0, prompt_balanced_bce=True, prompt_balanced_bce_pos_weight=0.5, prompt_text_adapter=False, prompt_unfreeze_tokengs=False, prompt_unfreeze_tokengs_lr=3e-05, prompt_detach_reconstruction_tokens=False, prompt_unfreeze_tokengs_mode='all', lambda_boundary_rgb=0.0, boundary_rgb_dilate=1, boundary_rgb_include_background=True, prompt_threshold=0.5, prompt_valid_alpha_threshold=0.001, prompt_overfit_single_batch=False, prompt_overfit_sample_index=0, prompt_visualization_steps=(0, 10, 50, 100, 200, 500), prompt_save_validation_checkpoints=True, prompt_tune_last_cross_attention=False, semantic_v2_dim=256, semantic_v2_temperature_init=14.285714, semantic_v2_balanced_bce=True, semantic_v2_score_mode='sigmoid', semantic_v2_tune_last_cross_attention=False, conditional_v3_tune_last_cross_attention=True, semantic_v4_feature_dim=64, semantic_v4_use_geometry=True, semantic_v4_teacher_projection='frozen_random', semantic_v2_class_weights=(0.8869, 0.9536, 1.2475, 1.2257, 1.1961, 0.9201, 0.8012, 0.7689), lseg_checkpoint_path='/space0/mawb/tokengs/checkpoints/demo_e200.ckpt', semantic_v5_classifier_hidden=128, lambda_ce=1.0, lambda_ce_cosine=1.0, use_instance_labels=True, instance_group_num_groups=100, instance_group_alpha_threshold=0.05, instance_group_min_instance_pixels=32, lambda_instance_group_dice=1.0, lambda_instance_group_mask=1.0, lambda_instance_group_void=0.1, lambda_instance_group_unmatched=0.1, instance_group_lambda_warmup_steps=500, instance_group_render_scale=1.0, instance_group_area_alpha=0.5, instance_group_match_area_norm=True, lambda_instance_group_ce=1.0, instance_group_decoder=True, instance_group_decoder_layers=2, instance_group_group_token_refine=False, instance_group_group_token_refine_scale_init=0.05, instance_group_group_token_refine_scale_max=0.3, instance_group_match_topk=1, instance_group_secondary_pair_weight=0.3, instance_group_usage_entropy=0.05, instance_group_scene_level_matching=False, instance_group_supervise_input_views=False, lambda_instance_contrastive=0.0, instance_group_use_anchor_pos=True, instance_group_per_gaussian=True, instance_group_feature_dim=16, instance_group_residual_head=True, instance_group_residual_scale=0.3, lambda_instance_group_3d=1.0, lambda_instance_group_3d_ce=1.0, instance_group_3d_min_gs=16, instance_group_3d_match_topk=1, instance_group_adaptive_count=False, instance_group_count_head=False, instance_group_count_hidden=128, lambda_instance_group_count=0.1, instance_group_pos_attn_layers=0, instance_group_pos_attn_scale=1.0, instance_group_conditioned_gaussians=False, instance_group_condition_dim=256, instance_group_condition_heads=8, instance_group_condition_layers=2, instance_group_condition_residual_scale=1.0, instance_group_condition_assignment_temperature=10.0, instance_group_condition_gaussian_blend=0.1, instance_group_condition_per_gaussian=False, instance_group_condition_per_gaussian_opacity_scale=0.05, instance_group_condition_image_anchors=False, instance_group_condition_image_feature_dim=64, instance_group_condition_image_upsample=2, instance_group_condition_image_multiscale=True, instance_group_condition_image_scale=1.0, instance_group_condition_decoder_checkpoint=False, instance_group_dense_decoder=True, instance_group_dense_feature_dim=16, instance_group_dense_upsample=2, instance_group_dense_multiscale=False, instance_group_dense_scale=0.3, instance_group_dense_gate=True, lambda_instance_dense_aux=0.0, backbone_resume='/space/mawb/tokengs/workspace/scannet_recon_finetune_base_8k/tokengs_backbone_step_008000.safetensors', lambda_semantic_feature=0.0, lambda_semantic_cosine=1.0, lambda_semantic_l1=0.05, semantic_alpha_threshold=0.05, semantic_use_depth_filter=False, semantic_residual_scale=0.1, lambda_semantic_ce=0.0, lambda_semantic_source=0.5, semantic_pseudo_conf_threshold=0.4, semantic_classifier_hidden_dim=256, semantic_branch_version='source_projected', semantic_token_patch_size=8, semantic_token_decoder_layers=2, semantic_token_decoder_heads=8, semantic_token_mlp_ratio=4.0, semantic_token_dropout=0.0, semantic_token_max_views=8, semantic_local_rank=16, semantic_local_hidden_dim=128, semantic_token_residual_scale=0.1, semantic_local_residual_scale=0.1, semantic_token_pool_use_opacity=True, semantic_stream_compressed_features=True, semantic_feature_use_alpha_mask=True, semantic_detach_tokens=True, semantic_detach_geometry=True, semantic_render_chunk=32, semantic_render_scale=0.5, lambda_feat=1.0, batch_size=1, gradient_accumulation_steps=1, num_epochs=3, max_iters_per_epoch=6000, lr=3e-05, lr_scheduler='constant', weight_decay=0.05, pct_start_steps=1000, final_div_factor=1000.0, gradient_clip=1.0, mixed_precision='bf16', deferred_bp=False, use_input_supervision=False, mean_of_grads='none', mean_of_grads_scene_chunk_size=1, mean_of_grads_view_chunk_size=None, rgb_loss_type='l2', lambda_rgb=200.0, lambda_lpips=0.0, lambda_mask=0.0, lambda_ssim=0.0, lambda_visibility=0.0, visibility_distance_threshold=1.0, lambda_opacity=0.0, lambda_dyn_aux=0.0, lambda_dyn_aux_warmup_steps=0, lambda_dyn_aux_decay_steps=0, lambda_dyn_aux_min=0.0, print_freq=10, log_image_freq=100, eval_n_media_dumps=24, max_eval_iters=24, eval_before_training=False, strict_checkpoint_loading=True, use_ttt_for_eval=False, ttt_mode='token-tuning', ttt_n_steps=50, ttt_lr=0.0001, time_embedding=False, time_embedding_dim=2, use_interp_target=False, use_multiscale_encoder=False, multiscale_encoder_layers=(5, 7, 9, 11), use_latent_bottleneck=False, num_latents=4096, latent_cross_attn_depth=12, random_reflect=False)
[prompt-loss] BCE function: torch.nn.functional.binary_cross_entropy
[prompt-loss] BCE input: rendered sigmoid probability clamped to [eps, 1-eps]; target is a binary mask (BCEWithLogitsLoss is not used)
[prompt-loss] Semantic V2 BCE reduction: per-class positive/negative balanced mean
[semantic-v2] token score normalization: sigmoid
[semantic-v2] semantic-only final cross-attention tuning: False
[INFO] Config saved to config_save_path='workspace/semantic_v6_absolute_units_true_shared_head_only_m0_ddp8/config.yaml'
[checkpoint-arch] loaded metadata_best.json: clip=clip-vit-large-patch14 feature_dim=64
[checkpoint-arch] loaded metadata_best.json: clip=clip-vit-large-patch14 feature_dim=64
[checkpoint-arch] loaded metadata_best.json: clip=clip-vit-large-patch14 feature_dim=64
[checkpoint-arch] loaded metadata_best.json: clip=clip-vit-large-patch14 feature_dim=64
[checkpoint-arch] loaded metadata_best.json: clip=clip-vit-large-patch14 feature_dim=64
[checkpoint-arch] loaded metadata_best.json: clip=clip-vit-large-patch14 feature_dim=64
[checkpoint-arch] loaded metadata_best.json: clip=clip-vit-large-patch14 feature_dim=64
[checkpoint-arch] loaded metadata_best.json: clip=clip-vit-large-patch14 feature_dim=64
[PromptTokenGS] pretrained checkpoint: /space/mawb/tokengs/workspace/scannet_recon_finetune_base_8k/tokengs_backbone_step_008000.safetensors
[PromptTokenGS] checkpoint GS token shape: (1024, 1024)
[PromptTokenGS] configured GS token shape: (1024, 1024)
[PromptTokenGS] missing keys: []
[PromptTokenGS] unexpected keys: []
[PromptTokenGS] shape-mismatched keys: []
[PromptTokenGS] pretrained checkpoint: /space/mawb/tokengs/workspace/scannet_recon_finetune_base_8k/tokengs_backbone_step_008000.safetensors[PromptTokenGS] pretrained checkpoint: /space/mawb/tokengs/workspace/scannet_recon_finetune_base_8k/tokengs_backbone_step_008000.safetensors

[PromptTokenGS] checkpoint GS token shape: (1024, 1024)[PromptTokenGS] checkpoint GS token shape: (1024, 1024)

[PromptTokenGS] configured GS token shape: (1024, 1024)
[PromptTokenGS] configured GS token shape: (1024, 1024)
[PromptTokenGS] missing keys: [][PromptTokenGS] missing keys: []

[PromptTokenGS] unexpected keys: [][PromptTokenGS] unexpected keys: []

[PromptTokenGS] shape-mismatched keys: [][PromptTokenGS] shape-mismatched keys: []

[PromptTokenGS] pretrained checkpoint: /space/mawb/tokengs/workspace/scannet_recon_finetune_base_8k/tokengs_backbone_step_008000.safetensors
[PromptTokenGS] checkpoint GS token shape: (1024, 1024)
[PromptTokenGS] configured GS token shape: (1024, 1024)
[PromptTokenGS] missing keys: []
[PromptTokenGS] unexpected keys: []
[PromptTokenGS] shape-mismatched keys: []
[PromptTokenGS] pretrained checkpoint: /space/mawb/tokengs/workspace/scannet_recon_finetune_base_8k/tokengs_backbone_step_008000.safetensors
[PromptTokenGS] checkpoint GS token shape: (1024, 1024)
[PromptTokenGS] configured GS token shape: (1024, 1024)
[PromptTokenGS] missing keys: []
[PromptTokenGS] unexpected keys: [][PromptTokenGS] pretrained checkpoint: /space/mawb/tokengs/workspace/scannet_recon_finetune_base_8k/tokengs_backbone_step_008000.safetensors
[PromptTokenGS] shape-mismatched keys: []

[PromptTokenGS] checkpoint GS token shape: (1024, 1024)
[PromptTokenGS] configured GS token shape: (1024, 1024)
[PromptTokenGS] missing keys: []
[PromptTokenGS] unexpected keys: []
[PromptTokenGS] shape-mismatched keys: []
[PromptTokenGS] pretrained checkpoint: /space/mawb/tokengs/workspace/scannet_recon_finetune_base_8k/tokengs_backbone_step_008000.safetensors
[PromptTokenGS] checkpoint GS token shape: (1024, 1024)
[PromptTokenGS] configured GS token shape: (1024, 1024)
[PromptTokenGS] missing keys: []
[PromptTokenGS] unexpected keys: []
[PromptTokenGS] shape-mismatched keys: []
[PromptTokenGS] pretrained checkpoint: /space/mawb/tokengs/workspace/scannet_recon_finetune_base_8k/tokengs_backbone_step_008000.safetensors
[PromptTokenGS] checkpoint GS token shape: (1024, 1024)
[PromptTokenGS] configured GS token shape: (1024, 1024)
[PromptTokenGS] missing keys: []
[PromptTokenGS] unexpected keys: []
[PromptTokenGS] shape-mismatched keys: []
[SemanticTokenGSv4] trainable parameter groups: token_adapter=396,544, prompt_adapter=55,040, gaussian_feature_head=86,364, temperature=1
[SemanticTokenGSv4] trainable parameter groups: token_adapter=396,544, prompt_adapter=55,040, gaussian_feature_head=86,364, temperature=1
[SemanticTokenGSv4] trainable parameter groups: token_adapter=396,544, prompt_adapter=55,040, gaussian_feature_head=86,364, temperature=1
[SemanticTokenGSv4] trainable parameter groups: token_adapter=396,544, prompt_adapter=55,040, gaussian_feature_head=86,364, temperature=1
[SemanticTokenGSv4] reconstruction TokenGS remains frozen: True
[SemanticTokenGSv4] trainable parameter groups: token_adapter=396,544, prompt_adapter=55,040, gaussian_feature_head=86,364, temperature=1
[SemanticTokenGSv4] reconstruction TokenGS remains frozen: True
[SemanticTokenGSv4] reconstruction TokenGS remains frozen: True
[SemanticTokenGSv4] trainable parameter groups: token_adapter=396,544, prompt_adapter=55,040, gaussian_feature_head=86,364, temperature=1
[SemanticTokenGSv4] trainable parameter groups: token_adapter=396,544, prompt_adapter=55,040, gaussian_feature_head=86,364, temperature=1
[SemanticTokenGSv4] reconstruction TokenGS remains frozen: True
[SemanticTokenGSv4] reconstruction TokenGS remains frozen: True
[SemanticTokenGSv4] reconstruction TokenGS remains frozen: True
[SemanticTokenGSv4] reconstruction TokenGS remains frozen: True
[SemanticTokenGSv4] trainable parameter groups: token_adapter=396,544, prompt_adapter=55,040, gaussian_feature_head=86,364, temperature=1
[SemanticTokenGSv4] reconstruction TokenGS remains frozen: True
[PromptTokenGS] loading trainable checkpoint: /datapool/mawb/tokengs/workspace/semantic_v6_absolute_units_recon_full3/model_best.safetensors
[PromptTokenGS] checkpoint step: 17040
[PromptTokenGS] frozen-backbone resume: loaded 395/395 frozen keys from tokengs_backbone_step_008000.safetensors
[PromptTokenGS] guarded-joint resume: true_shared=True absolute_gs_head loaded 24/24 strict (expected 24), instance_branch keys loaded 0, tsh_instance_head keys loaded 0; first fork from full3: tsh head uses FIXED fresh seed
[PromptTokenGS] guarded-joint instance branch re-initialized with fresh seed 987654363 (imported tsh/instance keys = 0; continuation never enters this branch)
Loaded scannet_prompt_small, train size: 5680, test size: 24, loading took 2.7338204383850098 seconds
[optimizer] guarded joint groups: abs_lr=1e-05 instance_lr=0.0001 (true_shared=True) abs_params=24 instance_params=50
[ddp8] rank=0 world=8 local_dataloader_len=710 iters_per_epoch=710 train_dataset_len=5680
[INFO] Setting RNG epoch to 0
Setting up [LPIPS] perceptual loss: trunk [vgg], v[0.1], spatial [off]
Setting up [LPIPS] perceptual loss: trunk [vgg], v[0.1], spatial [off]
Loading model from: /space/mawb/anaconda3/envs/tokengs/lib/python3.11/site-packages/lpips/weights/v0.1/vgg.pth
Loading model from: /space/mawb/anaconda3/envs/tokengs/lib/python3.11/site-packages/lpips/weights/v0.1/vgg.pth
Setting up [LPIPS] perceptual loss: trunk [vgg], v[0.1], spatial [off]
Setting up [LPIPS] perceptual loss: trunk [vgg], v[0.1], spatial [off]
Setting up [LPIPS] perceptual loss: trunk [vgg], v[0.1], spatial [off]
Setting up [LPIPS] perceptual loss: trunk [vgg], v[0.1], spatial [off]
Setting up [LPIPS] perceptual loss: trunk [vgg], v[0.1], spatial [off]
Setting up [LPIPS] perceptual loss: trunk [vgg], v[0.1], spatial [off]
Loading model from: /space/mawb/anaconda3/envs/tokengs/lib/python3.11/site-packages/lpips/weights/v0.1/vgg.pth
Loading model from: /space/mawb/anaconda3/envs/tokengs/lib/python3.11/site-packages/lpips/weights/v0.1/vgg.pth
Loading model from: /space/mawb/anaconda3/envs/tokengs/lib/python3.11/site-packages/lpips/weights/v0.1/vgg.pth
Loading model from: /space/mawb/anaconda3/envs/tokengs/lib/python3.11/site-packages/lpips/weights/v0.1/vgg.pth
Loading model from: /space/mawb/anaconda3/envs/tokengs/lib/python3.11/site-packages/lpips/weights/v0.1/vgg.pth
Loading model from: /space/mawb/anaconda3/envs/tokengs/lib/python3.11/site-packages/lpips/weights/v0.1/vgg.pth
[abs-train] step=10 sample=scene0101_04:0 loss_rgb=2.6121 teacher_gs=0.1740 teacher_rgb=0.0030 teacher_eff=1.0000 inst=1.6034 inst_eff=0.0000 inst_w=0.003600 inst_unit_eff=0.0000 teacher_called=1 abs_grad=26809.81 abs_norm=16974.43 inst_grad=3.05 backbone_grad=0.00 teacher_grad=0.00 sem_grad=0.00 gaussians_source=absolute_student old_gs_head_calls=0 psnr=18.84
[INFO] step=10 epoch=0 9/710 mem: 6.37/47.54G lr: [1e-05, 1e-05, 0.0001, 0.0001] loss: 2.794796 loss_rgb=2.612054 loss_feat=0.000000 loss_ce_cosine=0.000000 loss_boundary_rgb=0.000000 loss_instance_group=1.603352 loss_instance_contrastive=0.000000 loss_semantic_lifting=0.000000 semantic_adapter_grad_norm=0.000000 token_adapter_grad_norm=0.000000 prompt_adapter_grad_norm=0.000000 gaussian_feature_head_grad_norm=0.000000 temperature_grad_norm=0.000000 tokengs_grad_norm=0.000000 temperature=14.285715 semantic_token_variance=0.002488 semantic_token_adjacent_cosine=0.364703 prototype_offdiag_cosine_mean=0.750000 prototype_offdiag_cosine_max=0.851562 ssim=0.557154 lpips=0.667969 psnr=18.8405 speed: 0.06 it/s
[abs-train] step=20 sample=scene0629_00:0 loss_rgb=0.6695 teacher_gs=0.1646 teacher_rgb=0.0007 teacher_eff=1.0000 inst=1.4575 inst_eff=0.0000 inst_w=0.007600 inst_unit_eff=0.0000 teacher_called=1 abs_grad=12216.36 abs_norm=16974.31 inst_grad=8.55 backbone_grad=0.00 teacher_grad=0.00 sem_grad=0.00 gaussians_source=absolute_student old_gs_head_calls=0 psnr=24.75
[INFO] step=20 epoch=0 19/710 mem: 6.37/47.54G lr: [1e-05, 1e-05, 0.0001, 0.0001] loss: 0.845851 loss_rgb=0.669533 loss_feat=0.000000 loss_ce_cosine=0.000000 loss_boundary_rgb=0.000000 loss_instance_group=1.457530 loss_instance_contrastive=0.000000 loss_semantic_lifting=0.000000 semantic_adapter_grad_norm=0.000000 token_adapter_grad_norm=0.000000 prompt_adapter_grad_norm=0.000000 gaussian_feature_head_grad_norm=0.000000 temperature_grad_norm=0.000000 tokengs_grad_norm=0.000000 temperature=14.285715 semantic_token_variance=0.002266 semantic_token_adjacent_cosine=0.425351 prototype_offdiag_cosine_mean=0.632812 prototype_offdiag_cosine_max=0.851562 ssim=0.684418 lpips=0.640625 psnr=24.7526 speed: 0.07 it/s
[abs-train] step=30 sample=scene0245_00:0 loss_rgb=3.7503 teacher_gs=0.1348 teacher_rgb=0.0061 teacher_eff=1.0000 inst=1.3656 inst_eff=0.0000 inst_w=0.011600 inst_unit_eff=0.0000 teacher_called=1 abs_grad=8318.99 abs_norm=16974.20 inst_grad=16.66 backbone_grad=0.00 teacher_grad=0.00 sem_grad=0.00 gaussians_source=absolute_student old_gs_head_calls=0 psnr=17.27
[INFO] step=30 epoch=0 29/710 mem: 6.39/47.54G lr: [1e-05, 1e-05, 0.0001, 0.0001] loss: 3.907027 loss_rgb=3.750251 loss_feat=0.000000 loss_ce_cosine=0.000000 loss_boundary_rgb=0.000000 loss_instance_group=1.365565 loss_instance_contrastive=0.000000 loss_semantic_lifting=0.000000 semantic_adapter_grad_norm=0.000000 token_adapter_grad_norm=0.000000 prompt_adapter_grad_norm=0.000000 gaussian_feature_head_grad_norm=0.000000 temperature_grad_norm=0.000000 tokengs_grad_norm=0.000000 temperature=14.285715 semantic_token_variance=0.002601 semantic_token_adjacent_cosine=0.339010 prototype_offdiag_cosine_mean=0.750000 prototype_offdiag_cosine_max=0.851562 ssim=0.603118 lpips=0.578125 psnr=17.2697 speed: 0.06 it/s
[abs-train] step=40 sample=scene0093_00:0 loss_rgb=3.9138 teacher_gs=0.1490 teacher_rgb=0.0060 teacher_eff=1.0000 inst=1.3479 inst_eff=0.0000 inst_w=0.015600 inst_unit_eff=0.0000 teacher_called=1 abs_grad=18124.53 abs_norm=16974.07 inst_grad=12.38 backbone_grad=0.00 teacher_grad=0.00 sem_grad=0.00 gaussians_source=absolute_student old_gs_head_calls=0 psnr=17.08
[INFO] step=40 epoch=0 39/710 mem: 6.39/47.54G lr: [1e-05, 1e-05, 0.0001, 0.0001] loss: 4.089754 loss_rgb=3.913787 loss_feat=0.000000 loss_ce_cosine=0.000000 loss_boundary_rgb=0.000000 loss_instance_group=1.347860 loss_instance_contrastive=0.000000 loss_semantic_lifting=0.000000 semantic_adapter_grad_norm=0.000000 token_adapter_grad_norm=0.000000 prompt_adapter_grad_norm=0.000000 gaussian_feature_head_grad_norm=0.000000 temperature_grad_norm=0.000000 tokengs_grad_norm=0.000000 temperature=14.285715 semantic_token_variance=0.002576 semantic_token_adjacent_cosine=0.348144 prototype_offdiag_cosine_mean=0.750000 prototype_offdiag_cosine_max=0.851562 ssim=0.627305 lpips=0.605469 psnr=17.0843 speed: 0.05 it/s
[abs-train] step=50 sample=scene0280_01:0 loss_rgb=4.4988 teacher_gs=0.1596 teacher_rgb=0.0042 teacher_eff=1.0000 inst=1.3234 inst_eff=0.0000 inst_w=0.019600 inst_unit_eff=0.0000 teacher_called=1 abs_grad=7979.10 abs_norm=16973.87 inst_grad=15.93 backbone_grad=0.00 teacher_grad=0.00 sem_grad=0.00 gaussians_source=absolute_student old_gs_head_calls=0 psnr=16.48
[INFO] step=50 epoch=0 49/710 mem: 6.39/47.54G lr: [1e-05, 1e-05, 0.0001, 0.0001] loss: 4.688642 loss_rgb=4.498850 loss_feat=0.000000 loss_ce_cosine=0.000000 loss_boundary_rgb=0.000000 loss_instance_group=1.323403 loss_instance_contrastive=0.000000 loss_semantic_lifting=0.000000 semantic_adapter_grad_norm=0.000000 token_adapter_grad_norm=0.000000 prompt_adapter_grad_norm=0.000000 gaussian_feature_head_grad_norm=0.000000 temperature_grad_norm=0.000000 tokengs_grad_norm=0.000000 temperature=14.285715 semantic_token_variance=0.002545 semantic_token_adjacent_cosine=0.351796 prototype_offdiag_cosine_mean=0.738281 prototype_offdiag_cosine_max=0.851562 ssim=0.530143 lpips=0.687500 psnr=16.4793 speed: 0.06 it/s
[abs-train] step=60 sample=scene0330_00:0 loss_rgb=3.1332 teacher_gs=0.1573 teacher_rgb=0.0031 teacher_eff=1.0000 inst=1.3169 inst_eff=0.0000 inst_w=0.023600 inst_unit_eff=0.0000 teacher_called=1 abs_grad=15013.46 abs_norm=16973.61 inst_grad=23.20 backbone_grad=0.00 teacher_grad=0.00 sem_grad=0.00 gaussians_source=absolute_student old_gs_head_calls=0 psnr=18.05
[INFO] step=60 epoch=0 59/710 mem: 6.39/47.54G lr: [1e-05, 1e-05, 0.0001, 0.0001] loss: 3.324746 loss_rgb=3.133218 loss_feat=0.000000 loss_ce_cosine=0.000000 loss_boundary_rgb=0.000000 loss_instance_group=1.316907 loss_instance_contrastive=0.000000 loss_semantic_lifting=0.000000 semantic_adapter_grad_norm=0.000000 token_adapter_grad_norm=0.000000 prompt_adapter_grad_norm=0.000000 gaussian_feature_head_grad_norm=0.000000 temperature_grad_norm=0.000000 tokengs_grad_norm=0.000000 temperature=14.285715 semantic_token_variance=0.002563 semantic_token_adjacent_cosine=0.353081 prototype_offdiag_cosine_mean=0.652344 prototype_offdiag_cosine_max=0.832031 ssim=0.560311 lpips=0.605469 psnr=18.0504 speed: 0.08 it/s
[abs-train] step=70 sample=scene0162_00:0 loss_rgb=2.7481 teacher_gs=0.1503 teacher_rgb=0.0021 teacher_eff=1.0000 inst=1.2821 inst_eff=0.0000 inst_w=0.027600 inst_unit_eff=0.0000 teacher_called=1 abs_grad=16309.00 abs_norm=16973.36 inst_grad=19.58 backbone_grad=0.00 teacher_grad=0.00 sem_grad=0.00 gaussians_source=absolute_student old_gs_head_calls=0 psnr=18.62
[INFO] step=70 epoch=0 69/710 mem: 6.39/47.54G lr: [1e-05, 1e-05, 0.0001, 0.0001] loss: 2.935938 loss_rgb=2.748073 loss_feat=0.000000 loss_ce_cosine=0.000000 loss_boundary_rgb=0.000000 loss_instance_group=1.282093 loss_instance_contrastive=0.000000 loss_semantic_lifting=0.000000 semantic_adapter_grad_norm=0.000000 token_adapter_grad_norm=0.000000 prompt_adapter_grad_norm=0.000000 gaussian_feature_head_grad_norm=0.000000 temperature_grad_norm=0.000000 tokengs_grad_norm=0.000000 temperature=14.285715 semantic_token_variance=0.002564 semantic_token_adjacent_cosine=0.347843 prototype_offdiag_cosine_mean=0.660156 prototype_offdiag_cosine_max=0.832031 ssim=0.760062 lpips=0.582031 psnr=18.6200 speed: 0.07 it/s
[abs-train] step=80 sample=scene0488_00:0 loss_rgb=1.4335 teacher_gs=0.1401 teacher_rgb=0.0014 teacher_eff=1.0000 inst=1.3464 inst_eff=0.0000 inst_w=0.031600 inst_unit_eff=0.0000 teacher_called=1 abs_grad=9940.29 abs_norm=16973.13 inst_grad=29.18 backbone_grad=0.00 teacher_grad=0.00 sem_grad=0.00 gaussians_source=absolute_student old_gs_head_calls=0 psnr=21.45
[INFO] step=80 epoch=0 79/710 mem: 6.39/47.54G lr: [1e-05, 1e-05, 0.0001, 0.0001] loss: 1.617628 loss_rgb=1.433526 loss_feat=0.000000 loss_ce_cosine=0.000000 loss_boundary_rgb=0.000000 loss_instance_group=1.346428 loss_instance_contrastive=0.000000 loss_semantic_lifting=0.000000 semantic_adapter_grad_norm=0.000000 token_adapter_grad_norm=0.000000 prompt_adapter_grad_norm=0.000000 gaussian_feature_head_grad_norm=0.000000 temperature_grad_norm=0.000000 tokengs_grad_norm=0.000000 temperature=14.285715 semantic_token_variance=0.002438 semantic_token_adjacent_cosine=0.382866 prototype_offdiag_cosine_mean=0.640625 prototype_offdiag_cosine_max=0.851562 ssim=0.782689 lpips=0.593750 psnr=21.4462 speed: 0.06 it/s
[abs-train] step=90 sample=scene0364_00:0 loss_rgb=2.6307 teacher_gs=0.1599 teacher_rgb=0.0034 teacher_eff=1.0000 inst=1.2601 inst_eff=0.0000 inst_w=0.035600 inst_unit_eff=0.0000 teacher_called=1 abs_grad=15913.72 abs_norm=16972.95 inst_grad=36.21 backbone_grad=0.00 teacher_grad=0.00 sem_grad=0.00 gaussians_source=absolute_student old_gs_head_calls=0 psnr=18.81
[INFO] step=90 epoch=0 89/710 mem: 6.39/47.54G lr: [1e-05, 1e-05, 0.0001, 0.0001] loss: 2.838823 loss_rgb=2.630680 loss_feat=0.000000 loss_ce_cosine=0.000000 loss_boundary_rgb=0.000000 loss_instance_group=1.260072 loss_instance_contrastive=0.000000 loss_semantic_lifting=0.000000 semantic_adapter_grad_norm=0.000000 token_adapter_grad_norm=0.000000 prompt_adapter_grad_norm=0.000000 gaussian_feature_head_grad_norm=0.000000 temperature_grad_norm=0.000000 tokengs_grad_norm=0.000000 temperature=14.285715 semantic_token_variance=0.002493 semantic_token_adjacent_cosine=0.369282 prototype_offdiag_cosine_mean=0.738281 prototype_offdiag_cosine_max=0.851562 ssim=0.664334 lpips=0.636719 psnr=18.8096 speed: 0.09 it/s
[abs-train] step=100 sample=scene0204_01:0 loss_rgb=2.0852 teacher_gs=0.1954 teacher_rgb=0.0054 teacher_eff=1.0000 inst=1.1183 inst_eff=0.0000 inst_w=0.039600 inst_unit_eff=0.0000 teacher_called=1 abs_grad=22128.36 abs_norm=16972.85 inst_grad=28.17 backbone_grad=0.00 teacher_grad=0.00 sem_grad=0.00 gaussians_source=absolute_student old_gs_head_calls=0 psnr=19.82
[INFO] step=100 epoch=0 99/710 mem: 6.39/47.54G lr: [1e-05, 1e-05, 0.0001, 0.0001] loss: 2.330271 loss_rgb=2.085160 loss_feat=0.000000 loss_ce_cosine=0.000000 loss_boundary_rgb=0.000000 loss_instance_group=1.118338 loss_instance_contrastive=0.000000 loss_semantic_lifting=0.000000 semantic_adapter_grad_norm=0.000000 token_adapter_grad_norm=0.000000 prompt_adapter_grad_norm=0.000000 gaussian_feature_head_grad_norm=0.000000 temperature_grad_norm=0.000000 tokengs_grad_norm=0.000000 temperature=14.285715 semantic_token_variance=0.002488 semantic_token_adjacent_cosine=0.367139 prototype_offdiag_cosine_mean=0.621094 prototype_offdiag_cosine_max=0.851562 ssim=0.799469 lpips=0.585938 psnr=19.8189 speed: 0.06 it/s
[abs-train] step=110 sample=scene0095_00:0 loss_rgb=2.9004 teacher_gs=0.1550 teacher_rgb=0.0035 teacher_eff=1.0000 inst=1.2726 inst_eff=0.0000 inst_w=0.043600 inst_unit_eff=0.0000 teacher_called=1 abs_grad=8256.97 abs_norm=16972.76 inst_grad=22.31 backbone_grad=0.00 teacher_grad=0.00 sem_grad=0.00 gaussians_source=absolute_student old_gs_head_calls=0 psnr=18.39
[INFO] step=110 epoch=0 109/710 mem: 6.39/47.54G lr: [1e-05, 1e-05, 0.0001, 0.0001] loss: 3.114387 loss_rgb=2.900426 loss_feat=0.000000 loss_ce_cosine=0.000000 loss_boundary_rgb=0.000000 loss_instance_group=1.272574 loss_instance_contrastive=0.000000 loss_semantic_lifting=0.000000 semantic_adapter_grad_norm=0.000000 token_adapter_grad_norm=0.000000 prompt_adapter_grad_norm=0.000000 gaussian_feature_head_grad_norm=0.000000 temperature_grad_norm=0.000000 tokengs_grad_norm=0.000000 temperature=14.285715 semantic_token_variance=0.002648 semantic_token_adjacent_cosine=0.328617 prototype_offdiag_cosine_mean=0.750000 prototype_offdiag_cosine_max=0.851562 ssim=0.631778 lpips=0.617188 psnr=18.3857 speed: 0.07 it/s
[abs-train] step=120 sample=scene0200_01:0 loss_rgb=3.6204 teacher_gs=0.1576 teacher_rgb=0.0023 teacher_eff=1.0000 inst=1.3055 inst_eff=0.0000 inst_w=0.047600 inst_unit_eff=0.0000 teacher_called=1 abs_grad=11408.33 abs_norm=16972.62 inst_grad=30.68 backbone_grad=0.00 teacher_grad=0.00 sem_grad=0.00 gaussians_source=absolute_student old_gs_head_calls=0 psnr=17.42
[INFO] step=120 epoch=0 119/710 mem: 6.39/47.54G lr: [1e-05, 1e-05, 0.0001, 0.0001] loss: 3.842498 loss_rgb=3.620425 loss_feat=0.000000 loss_ce_cosine=0.000000 loss_boundary_rgb=0.000000 loss_instance_group=1.305462 loss_instance_contrastive=0.000000 loss_semantic_lifting=0.000000 semantic_adapter_grad_norm=0.000000 token_adapter_grad_norm=0.000000 prompt_adapter_grad_norm=0.000000 gaussian_feature_head_grad_norm=0.000000 temperature_grad_norm=0.000000 tokengs_grad_norm=0.000000 temperature=14.285715 semantic_token_variance=0.002490 semantic_token_adjacent_cosine=0.366417 prototype_offdiag_cosine_mean=0.750000 prototype_offdiag_cosine_max=0.851562 ssim=0.716672 lpips=0.609375 psnr=17.4227 speed: 0.07 it/s
[abs-ckpt] saved intra-epoch head checkpoint step=125
[abs-train] step=130 sample=scene0194_00:0 loss_rgb=0.9317 teacher_gs=0.1744 teacher_rgb=0.0009 teacher_eff=1.0000 inst=1.4825 inst_eff=0.0000 inst_w=0.050000 inst_unit_eff=0.0000 teacher_called=1 abs_grad=17980.96 abs_norm=16972.43 inst_grad=28.81 backbone_grad=0.00 teacher_grad=0.00 sem_grad=0.00 gaussians_source=absolute_student old_gs_head_calls=0 psnr=23.32
[INFO] step=130 epoch=0 129/710 mem: 6.39/47.54G lr: [1e-05, 1e-05, 0.0001, 0.0001] loss: 1.181136 loss_rgb=0.931719 loss_feat=0.000000 loss_ce_cosine=0.000000 loss_boundary_rgb=0.000000 loss_instance_group=1.482499 loss_instance_contrastive=0.000000 loss_semantic_lifting=0.000000 semantic_adapter_grad_norm=0.000000 token_adapter_grad_norm=0.000000 prompt_adapter_grad_norm=0.000000 gaussian_feature_head_grad_norm=0.000000 temperature_grad_norm=0.000000 tokengs_grad_norm=0.000000 temperature=14.285715 semantic_token_variance=0.002251 semantic_token_adjacent_cosine=0.428861 prototype_offdiag_cosine_mean=0.750000 prototype_offdiag_cosine_max=0.851562 ssim=0.647636 lpips=0.578125 psnr=23.3175 speed: 0.08 it/s
[abs-train] step=140 sample=scene0076_00:0 loss_rgb=5.4640 teacher_gs=0.1458 teacher_rgb=0.0072 teacher_eff=1.0000 inst=1.1929 inst_eff=0.0000 inst_w=0.050000 inst_unit_eff=0.0000 teacher_called=1 abs_grad=14797.02 abs_norm=16972.31 inst_grad=27.09 backbone_grad=0.00 teacher_grad=0.00 sem_grad=0.00 gaussians_source=absolute_student old_gs_head_calls=0 psnr=15.64
[INFO] step=140 epoch=0 139/710 mem: 6.39/47.54G lr: [1e-05, 1e-05, 0.0001, 0.0001] loss: 5.676620 loss_rgb=5.463972 loss_feat=0.000000 loss_ce_cosine=0.000000 loss_boundary_rgb=0.000000 loss_instance_group=1.192855 loss_instance_contrastive=0.000000 loss_semantic_lifting=0.000000 semantic_adapter_grad_norm=0.000000 token_adapter_grad_norm=0.000000 prompt_adapter_grad_norm=0.000000 gaussian_feature_head_grad_norm=0.000000 temperature_grad_norm=0.000000 tokengs_grad_norm=0.000000 temperature=14.285715 semantic_token_variance=0.002584 semantic_token_adjacent_cosine=0.343575 prototype_offdiag_cosine_mean=0.734375 prototype_offdiag_cosine_max=0.851562 ssim=0.730597 lpips=0.593750 psnr=15.6352 speed: 0.08 it/s
[abs-train] step=150 sample=scene0568_01:0 loss_rgb=1.0858 teacher_gs=0.1549 teacher_rgb=0.0017 teacher_eff=1.0000 inst=1.2126 inst_eff=0.0000 inst_w=0.050000 inst_unit_eff=0.0000 teacher_called=1 abs_grad=11222.18 abs_norm=16972.22 inst_grad=30.38 backbone_grad=0.00 teacher_grad=0.00 sem_grad=0.00 gaussians_source=absolute_student old_gs_head_calls=0 psnr=22.65
[INFO] step=150 epoch=0 149/710 mem: 6.39/47.54G lr: [1e-05, 1e-05, 0.0001, 0.0001] loss: 1.303043 loss_rgb=1.085769 loss_feat=0.000000 loss_ce_cosine=0.000000 loss_boundary_rgb=0.000000 loss_instance_group=1.212595 loss_instance_contrastive=0.000000 loss_semantic_lifting=0.000000 semantic_adapter_grad_norm=0.000000 token_adapter_grad_norm=0.000000 prompt_adapter_grad_norm=0.000000 gaussian_feature_head_grad_norm=0.000000 temperature_grad_norm=0.000000 tokengs_grad_norm=0.000000 temperature=14.285715 semantic_token_variance=0.002452 semantic_token_adjacent_cosine=0.374996 prototype_offdiag_cosine_mean=0.683594 prototype_offdiag_cosine_max=0.832031 ssim=0.734919 lpips=0.648438 psnr=22.6529 speed: 0.10 it/s
[abs-train] step=160 sample=scene0192_00:0 loss_rgb=2.3135 teacher_gs=0.1717 teacher_rgb=0.0032 teacher_eff=1.0000 inst=1.2029 inst_eff=0.0000 inst_w=0.050000 inst_unit_eff=0.0000 teacher_called=1 abs_grad=15695.77 abs_norm=16972.17 inst_grad=37.57 backbone_grad=0.00 teacher_grad=0.00 sem_grad=0.00 gaussians_source=absolute_student old_gs_head_calls=0 psnr=19.37
[INFO] step=160 epoch=0 159/710 mem: 6.39/47.54G lr: [1e-05, 1e-05, 0.0001, 0.0001] loss: 2.548418 loss_rgb=2.313458 loss_feat=0.000000 loss_ce_cosine=0.000000 loss_boundary_rgb=0.000000 loss_instance_group=1.202922 loss_instance_contrastive=0.000000 loss_semantic_lifting=0.000000 semantic_adapter_grad_norm=0.000000 token_adapter_grad_norm=0.000000 prompt_adapter_grad_norm=0.000000 gaussian_feature_head_grad_norm=0.000000 temperature_grad_norm=0.000000 tokengs_grad_norm=0.000000 temperature=14.285715 semantic_token_variance=0.002330 semantic_token_adjacent_cosine=0.411012 prototype_offdiag_cosine_mean=0.640625 prototype_offdiag_cosine_max=0.851562 ssim=0.612454 lpips=0.609375 psnr=19.3677 speed: 0.09 it/s
[abs-train] step=170 sample=scene0273_01:0 loss_rgb=2.7013 teacher_gs=0.1243 teacher_rgb=0.0025 teacher_eff=1.0000 inst=1.3848 inst_eff=0.0000 inst_w=0.050000 inst_unit_eff=0.0000 teacher_called=1 abs_grad=12038.13 abs_norm=16972.05 inst_grad=21.57 backbone_grad=0.00 teacher_grad=0.00 sem_grad=0.00 gaussians_source=absolute_student old_gs_head_calls=0 psnr=18.69
[INFO] step=170 epoch=0 169/710 mem: 6.39/47.54G lr: [1e-05, 1e-05, 0.0001, 0.0001] loss: 2.897268 loss_rgb=2.701273 loss_feat=0.000000 loss_ce_cosine=0.000000 loss_boundary_rgb=0.000000 loss_instance_group=1.384842 loss_instance_contrastive=0.000000 loss_semantic_lifting=0.000000 semantic_adapter_grad_norm=0.000000 token_adapter_grad_norm=0.000000 prompt_adapter_grad_norm=0.000000 gaussian_feature_head_grad_norm=0.000000 temperature_grad_norm=0.000000 tokengs_grad_norm=0.000000 temperature=14.285715 semantic_token_variance=0.002565 semantic_token_adjacent_cosine=0.348079 prototype_offdiag_cosine_mean=0.644531 prototype_offdiag_cosine_max=0.832031 ssim=0.693865 lpips=0.679688 psnr=18.6946 speed: 0.06 it/s
[abs-train] step=180 sample=scene0143_01:0 loss_rgb=1.8074 teacher_gs=0.1474 teacher_rgb=0.0030 teacher_eff=1.0000 inst=1.3491 inst_eff=0.0000 inst_w=0.050000 inst_unit_eff=0.0000 teacher_called=1 abs_grad=15256.75 abs_norm=16971.86 inst_grad=36.40 backbone_grad=0.00 teacher_grad=0.00 sem_grad=0.00 gaussians_source=absolute_student old_gs_head_calls=0 psnr=20.44
[INFO] step=180 epoch=0 179/710 mem: 6.39/47.54G lr: [1e-05, 1e-05, 0.0001, 0.0001] loss: 2.025223 loss_rgb=1.807369 loss_feat=0.000000 loss_ce_cosine=0.000000 loss_boundary_rgb=0.000000 loss_instance_group=1.349098 loss_instance_contrastive=0.000000 loss_semantic_lifting=0.000000 semantic_adapter_grad_norm=0.000000 token_adapter_grad_norm=0.000000 prompt_adapter_grad_norm=0.000000 gaussian_feature_head_grad_norm=0.000000 temperature_grad_norm=0.000000 tokengs_grad_norm=0.000000 temperature=14.285715 semantic_token_variance=0.002587 semantic_token_adjacent_cosine=0.338592 prototype_offdiag_cosine_mean=0.750000 prototype_offdiag_cosine_max=0.851562 ssim=0.751907 lpips=0.539062 psnr=20.4398 speed: 0.10 it/s
[abs-train] step=190 sample=scene0547_01:0 loss_rgb=4.3439 teacher_gs=0.1594 teacher_rgb=0.0093 teacher_eff=1.0000 inst=1.4341 inst_eff=0.0000 inst_w=0.050000 inst_unit_eff=0.0000 teacher_called=1 abs_grad=19998.93 abs_norm=16971.75 inst_grad=25.28 backbone_grad=0.00 teacher_grad=0.00 sem_grad=0.00 gaussians_source=absolute_student old_gs_head_calls=0 psnr=16.63
[INFO] step=190 epoch=0 189/710 mem: 6.39/47.54G lr: [1e-05, 1e-05, 0.0001, 0.0001] loss: 4.584364 loss_rgb=4.343874 loss_feat=0.000000 loss_ce_cosine=0.000000 loss_boundary_rgb=0.000000 loss_instance_group=1.434053 loss_instance_contrastive=0.000000 loss_semantic_lifting=0.000000 semantic_adapter_grad_norm=0.000000 token_adapter_grad_norm=0.000000 prompt_adapter_grad_norm=0.000000 gaussian_feature_head_grad_norm=0.000000 temperature_grad_norm=0.000000 tokengs_grad_norm=0.000000 temperature=14.285715 semantic_token_variance=0.002353 semantic_token_adjacent_cosine=0.402031 prototype_offdiag_cosine_mean=0.640625 prototype_offdiag_cosine_max=0.832031 ssim=0.501309 lpips=0.667969 psnr=16.6315 speed: 0.10 it/s
[abs-train] step=200 sample=scene0539_01:0 loss_rgb=2.2595 teacher_gs=0.1663 teacher_rgb=0.0024 teacher_eff=1.0000 inst=1.3727 inst_eff=0.0000 inst_w=0.050000 inst_unit_eff=0.0000 teacher_called=1 abs_grad=22594.05 abs_norm=16971.64 inst_grad=22.70 backbone_grad=0.00 teacher_grad=0.00 sem_grad=0.00 gaussians_source=absolute_student old_gs_head_calls=0 psnr=19.47
[INFO] step=200 epoch=0 199/710 mem: 6.39/47.54G lr: [1e-05, 1e-05, 0.0001, 0.0001] loss: 2.496817 loss_rgb=2.259549 loss_feat=0.000000 loss_ce_cosine=0.000000 loss_boundary_rgb=0.000000 loss_instance_group=1.372675 loss_instance_contrastive=0.000000 loss_semantic_lifting=0.000000 semantic_adapter_grad_norm=0.000000 token_adapter_grad_norm=0.000000 prompt_adapter_grad_norm=0.000000 gaussian_feature_head_grad_norm=0.000000 temperature_grad_norm=0.000000 tokengs_grad_norm=0.000000 temperature=14.285715 semantic_token_variance=0.002295 semantic_token_adjacent_cosine=0.415689 prototype_offdiag_cosine_mean=0.738281 prototype_offdiag_cosine_max=0.851562 ssim=0.693770 lpips=0.578125 psnr=19.4701 speed: 0.08 it/s
[abs-train] step=210 sample=scene0141_00:0 loss_rgb=6.9883 teacher_gs=0.1521 teacher_rgb=0.0058 teacher_eff=1.0000 inst=1.2435 inst_eff=0.0000 inst_w=0.050000 inst_unit_eff=0.0000 teacher_called=1 abs_grad=24433.05 abs_norm=16971.51 inst_grad=23.70 backbone_grad=0.00 teacher_grad=0.00 sem_grad=0.00 gaussians_source=absolute_student old_gs_head_calls=0 psnr=14.57
[INFO] step=210 epoch=0 209/710 mem: 6.39/47.54G lr: [1e-05, 1e-05, 0.0001, 0.0001] loss: 7.208383 loss_rgb=6.988265 loss_feat=0.000000 loss_ce_cosine=0.000000 loss_boundary_rgb=0.000000 loss_instance_group=1.243489 loss_instance_contrastive=0.000000 loss_semantic_lifting=0.000000 semantic_adapter_grad_norm=0.000000 token_adapter_grad_norm=0.000000 prompt_adapter_grad_norm=0.000000 gaussian_feature_head_grad_norm=0.000000 temperature_grad_norm=0.000000 tokengs_grad_norm=0.000000 temperature=14.285715 semantic_token_variance=0.002569 semantic_token_adjacent_cosine=0.345327 prototype_offdiag_cosine_mean=0.683594 prototype_offdiag_cosine_max=0.832031 ssim=0.574634 lpips=0.664062 psnr=14.5666 speed: 0.08 it/s
[abs-train] step=220 sample=scene0297_01:0 loss_rgb=2.9828 teacher_gs=0.1500 teacher_rgb=0.0041 teacher_eff=1.0000 inst=1.3041 inst_eff=0.0000 inst_w=0.050000 inst_unit_eff=0.0000 teacher_called=1 abs_grad=14025.94 abs_norm=16971.39 inst_grad=26.50 backbone_grad=0.00 teacher_grad=0.00 sem_grad=0.00 gaussians_source=absolute_student old_gs_head_calls=0 psnr=18.26
[INFO] step=220 epoch=0 219/710 mem: 6.39/47.54G lr: [1e-05, 1e-05, 0.0001, 0.0001] loss: 3.202137 loss_rgb=2.982840 loss_feat=0.000000 loss_ce_cosine=0.000000 loss_boundary_rgb=0.000000 loss_instance_group=1.304146 loss_instance_contrastive=0.000000 loss_semantic_lifting=0.000000 semantic_adapter_grad_norm=0.000000 token_adapter_grad_norm=0.000000 prompt_adapter_grad_norm=0.000000 gaussian_feature_head_grad_norm=0.000000 temperature_grad_norm=0.000000 tokengs_grad_norm=0.000000 temperature=14.285715 semantic_token_variance=0.002670 semantic_token_adjacent_cosine=0.325770 prototype_offdiag_cosine_mean=0.710938 prototype_offdiag_cosine_max=0.851562 ssim=0.699858 lpips=0.636719 psnr=18.2640 speed: 0.08 it/s
[abs-train] step=230 sample=scene0342_00:0 loss_rgb=1.4523 teacher_gs=0.1498 teacher_rgb=0.0032 teacher_eff=1.0000 inst=1.4992 inst_eff=0.0000 inst_w=0.050000 inst_unit_eff=0.0000 teacher_called=1 abs_grad=9940.42 abs_norm=16971.23 inst_grad=33.17 backbone_grad=0.00 teacher_grad=0.00 sem_grad=0.00 gaussians_source=absolute_student old_gs_head_calls=0 psnr=21.39
[INFO] step=230 epoch=0 229/710 mem: 6.39/47.54G lr: [1e-05, 1e-05, 0.0001, 0.0001] loss: 1.680280 loss_rgb=1.452264 loss_feat=0.000000 loss_ce_cosine=0.000000 loss_boundary_rgb=0.000000 loss_instance_group=1.499227 loss_instance_contrastive=0.000000 loss_semantic_lifting=0.000000 semantic_adapter_grad_norm=0.000000 token_adapter_grad_norm=0.000000 prompt_adapter_grad_norm=0.000000 gaussian_feature_head_grad_norm=0.000000 temperature_grad_norm=0.000000 tokengs_grad_norm=0.000000 temperature=14.285715 semantic_token_variance=0.002662 semantic_token_adjacent_cosine=0.323182 prototype_offdiag_cosine_mean=0.722656 prototype_offdiag_cosine_max=0.832031 ssim=0.769096 lpips=0.585938 psnr=21.3898 speed: 0.07 it/s
[abs-train] step=240 sample=scene0183_00:0 loss_rgb=9.7219 teacher_gs=0.1915 teacher_rgb=0.0055 teacher_eff=1.0000 inst=1.3531 inst_eff=0.0000 inst_w=0.050000 inst_unit_eff=0.0000 teacher_called=1 abs_grad=13385.59 abs_norm=16971.09 inst_grad=25.65 backbone_grad=0.00 teacher_grad=0.00 sem_grad=0.00 gaussians_source=absolute_student old_gs_head_calls=0 psnr=13.13
[INFO] step=240 epoch=0 239/710 mem: 6.39/47.54G lr: [1e-05, 1e-05, 0.0001, 0.0001] loss: 9.986479 loss_rgb=9.721862 loss_feat=0.000000 loss_ce_cosine=0.000000 loss_boundary_rgb=0.000000 loss_instance_group=1.353058 loss_instance_contrastive=0.000000 loss_semantic_lifting=0.000000 semantic_adapter_grad_norm=0.000000 token_adapter_grad_norm=0.000000 prompt_adapter_grad_norm=0.000000 gaussian_feature_head_grad_norm=0.000000 temperature_grad_norm=0.000000 tokengs_grad_norm=0.000000 temperature=14.285715 semantic_token_variance=0.002203 semantic_token_adjacent_cosine=0.442680 prototype_offdiag_cosine_mean=0.750000 prototype_offdiag_cosine_max=0.851562 ssim=0.518430 lpips=0.726562 psnr=13.1328 speed: 0.08 it/s
[abs-train] step=250 sample=scene0106_02:0 loss_rgb=2.3738 teacher_gs=0.1290 teacher_rgb=0.0041 teacher_eff=1.0000 inst=1.3640 inst_eff=0.0000 inst_w=0.050000 inst_unit_eff=0.0000 teacher_called=1 abs_grad=8381.58 abs_norm=16971.08 inst_grad=33.15 backbone_grad=0.00 teacher_grad=0.00 sem_grad=0.00 gaussians_source=absolute_student old_gs_head_calls=0 psnr=19.26
[INFO] step=250 epoch=0 249/710 mem: 6.39/47.54G lr: [1e-05, 1e-05, 0.0001, 0.0001] loss: 2.575068 loss_rgb=2.373765 loss_feat=0.000000 loss_ce_cosine=0.000000 loss_boundary_rgb=0.000000 loss_instance_group=1.364041 loss_instance_contrastive=0.000000 loss_semantic_lifting=0.000000 semantic_adapter_grad_norm=0.000000 token_adapter_grad_norm=0.000000 prompt_adapter_grad_norm=0.000000 gaussian_feature_head_grad_norm=0.000000 temperature_grad_norm=0.000000 tokengs_grad_norm=0.000000 temperature=14.285715 semantic_token_variance=0.002669 semantic_token_adjacent_cosine=0.323175 prototype_offdiag_cosine_mean=0.687500 prototype_offdiag_cosine_max=0.851562 ssim=0.697572 lpips=0.589844 psnr=19.2559 speed: 0.09 it/s
[abs-ckpt] saved intra-epoch head checkpoint step=250
[abs-train] step=260 sample=scene0646_01:0 loss_rgb=3.9790 teacher_gs=0.1474 teacher_rgb=0.0031 teacher_eff=1.0000 inst=1.3625 inst_eff=0.0000 inst_w=0.050000 inst_unit_eff=0.0000 teacher_called=1 abs_grad=13144.94 abs_norm=16971.01 inst_grad=31.01 backbone_grad=0.00 teacher_grad=0.00 sem_grad=0.00 gaussians_source=absolute_student old_gs_head_calls=0 psnr=17.01
[INFO] step=260 epoch=0 259/710 mem: 6.39/47.54G lr: [1e-05, 1e-05, 0.0001, 0.0001] loss: 4.197603 loss_rgb=3.978960 loss_feat=0.000000 loss_ce_cosine=0.000000 loss_boundary_rgb=0.000000 loss_instance_group=1.362531 loss_instance_contrastive=0.000000 loss_semantic_lifting=0.000000 semantic_adapter_grad_norm=0.000000 token_adapter_grad_norm=0.000000 prompt_adapter_grad_norm=0.000000 gaussian_feature_head_grad_norm=0.000000 temperature_grad_norm=0.000000 tokengs_grad_norm=0.000000 temperature=14.285715 semantic_token_variance=0.002506 semantic_token_adjacent_cosine=0.360996 prototype_offdiag_cosine_mean=0.734375 prototype_offdiag_cosine_max=0.832031 ssim=0.487240 lpips=0.660156 psnr=17.0126 speed: 0.09 it/s
[abs-train] step=270 sample=scene0054_00:0 loss_rgb=3.5227 teacher_gs=0.1966 teacher_rgb=0.0040 teacher_eff=1.0000 inst=1.1739 inst_eff=0.0000 inst_w=0.050000 inst_unit_eff=0.0000 teacher_called=1 abs_grad=20985.00 abs_norm=16970.84 inst_grad=27.86 backbone_grad=0.00 teacher_grad=0.00 sem_grad=0.00 gaussians_source=absolute_student old_gs_head_calls=0 psnr=17.54
[INFO] step=270 epoch=0 269/710 mem: 6.39/47.54G lr: [1e-05, 1e-05, 0.0001, 0.0001] loss: 3.781984 loss_rgb=3.522660 loss_feat=0.000000 loss_ce_cosine=0.000000 loss_boundary_rgb=0.000000 loss_instance_group=1.173861 loss_instance_contrastive=0.000000 loss_semantic_lifting=0.000000 semantic_adapter_grad_norm=0.000000 token_adapter_grad_norm=0.000000 prompt_adapter_grad_norm=0.000000 gaussian_feature_head_grad_norm=0.000000 temperature_grad_norm=0.000000 tokengs_grad_norm=0.000000 temperature=14.285715 semantic_token_variance=0.002327 semantic_token_adjacent_cosine=0.407678 prototype_offdiag_cosine_mean=0.750000 prototype_offdiag_cosine_max=0.851562 ssim=0.640519 lpips=0.648438 psnr=17.5416 speed: 0.09 it/s
[abs-train] step=280 sample=scene0079_00:0 loss_rgb=2.1786 teacher_gs=0.1521 teacher_rgb=0.0034 teacher_eff=1.0000 inst=1.2465 inst_eff=0.0000 inst_w=0.050000 inst_unit_eff=0.0000 teacher_called=1 abs_grad=10692.06 abs_norm=16970.65 inst_grad=28.48 backbone_grad=0.00 teacher_grad=0.00 sem_grad=0.00 gaussians_source=absolute_student old_gs_head_calls=0 psnr=19.63
[INFO] step=280 epoch=0 279/710 mem: 6.39/47.54G lr: [1e-05, 1e-05, 0.0001, 0.0001] loss: 2.396441 loss_rgb=2.178580 loss_feat=0.000000 loss_ce_cosine=0.000000 loss_boundary_rgb=0.000000 loss_instance_group=1.246518 loss_instance_contrastive=0.000000 loss_semantic_lifting=0.000000 semantic_adapter_grad_norm=0.000000 token_adapter_grad_norm=0.000000 prompt_adapter_grad_norm=0.000000 gaussian_feature_head_grad_norm=0.000000 temperature_grad_norm=0.000000 tokengs_grad_norm=0.000000 temperature=14.285715 semantic_token_variance=0.002606 semantic_token_adjacent_cosine=0.342432 prototype_offdiag_cosine_mean=0.726562 prototype_offdiag_cosine_max=0.851562 ssim=0.628771 lpips=0.664062 psnr=19.6286 speed: 0.08 it/s
[abs-train] step=290 sample=scene0167_00:0 loss_rgb=0.7872 teacher_gs=0.1482 teacher_rgb=0.0015 teacher_eff=1.0000 inst=1.2214 inst_eff=0.0000 inst_w=0.050000 inst_unit_eff=0.0000 teacher_called=1 abs_grad=25052.59 abs_norm=16970.56 inst_grad=36.37 backbone_grad=0.00 teacher_grad=0.00 sem_grad=0.00 gaussians_source=absolute_student old_gs_head_calls=0 psnr=24.05
[INFO] step=290 epoch=0 289/710 mem: 6.39/47.54G lr: [1e-05, 1e-05, 0.0001, 0.0001] loss: 0.997933 loss_rgb=0.787211 loss_feat=0.000000 loss_ce_cosine=0.000000 loss_boundary_rgb=0.000000 loss_instance_group=1.221450 loss_instance_contrastive=0.000000 loss_semantic_lifting=0.000000 semantic_adapter_grad_norm=0.000000 token_adapter_grad_norm=0.000000 prompt_adapter_grad_norm=0.000000 gaussian_feature_head_grad_norm=0.000000 temperature_grad_norm=0.000000 tokengs_grad_norm=0.000000 temperature=14.285715 semantic_token_variance=0.002527 semantic_token_adjacent_cosine=0.360149 prototype_offdiag_cosine_mean=0.750000 prototype_offdiag_cosine_max=0.851562 ssim=0.827639 lpips=0.558594 psnr=24.0494 speed: 0.09 it/s
[abs-train] step=300 sample=scene0274_02:0 loss_rgb=3.0873 teacher_gs=0.1569 teacher_rgb=0.0098 teacher_eff=1.0000 inst=1.2496 inst_eff=0.0000 inst_w=0.050000 inst_unit_eff=0.0000 teacher_called=1 abs_grad=38504.13 abs_norm=16970.43 inst_grad=22.33 backbone_grad=0.00 teacher_grad=0.00 sem_grad=0.00 gaussians_source=absolute_student old_gs_head_calls=0 psnr=18.11
[INFO] step=300 epoch=0 299/710 mem: 6.39/47.54G lr: [1e-05, 1e-05, 0.0001, 0.0001] loss: 3.316495 loss_rgb=3.087279 loss_feat=0.000000 loss_ce_cosine=0.000000 loss_boundary_rgb=0.000000 loss_instance_group=1.249609 loss_instance_contrastive=0.000000 loss_semantic_lifting=0.000000 semantic_adapter_grad_norm=0.000000 token_adapter_grad_norm=0.000000 prompt_adapter_grad_norm=0.000000 gaussian_feature_head_grad_norm=0.000000 temperature_grad_norm=0.000000 tokengs_grad_norm=0.000000 temperature=14.285715 semantic_token_variance=0.002251 semantic_token_adjacent_cosine=0.427244 prototype_offdiag_cosine_mean=0.742188 prototype_offdiag_cosine_max=0.851562 ssim=0.583379 lpips=0.636719 psnr=18.1145 speed: 0.08 it/s
[abs-train] step=310 sample=scene0673_00:0 loss_rgb=1.1086 teacher_gs=0.1376 teacher_rgb=0.0022 teacher_eff=1.0000 inst=1.2344 inst_eff=0.0000 inst_w=0.050000 inst_unit_eff=0.0000 teacher_called=1 abs_grad=40653.38 abs_norm=16970.32 inst_grad=28.27 backbone_grad=0.00 teacher_grad=0.00 sem_grad=0.00 gaussians_source=absolute_student old_gs_head_calls=0 psnr=22.56
[INFO] step=310 epoch=0 309/710 mem: 6.39/47.54G lr: [1e-05, 1e-05, 0.0001, 0.0001] loss: 1.310121 loss_rgb=1.108640 loss_feat=0.000000 loss_ce_cosine=0.000000 loss_boundary_rgb=0.000000 loss_instance_group=1.234448 loss_instance_contrastive=0.000000 loss_semantic_lifting=0.000000 semantic_adapter_grad_norm=0.000000 token_adapter_grad_norm=0.000000 prompt_adapter_grad_norm=0.000000 gaussian_feature_head_grad_norm=0.000000 temperature_grad_norm=0.000000 tokengs_grad_norm=0.000000 temperature=14.285715 semantic_token_variance=0.002486 semantic_token_adjacent_cosine=0.369102 prototype_offdiag_cosine_mean=0.738281 prototype_offdiag_cosine_max=0.832031 ssim=0.678987 lpips=0.605469 psnr=22.5624 speed: 0.08 it/s
[abs-train] step=320 sample=scene0152_00:0 loss_rgb=2.6684 teacher_gs=0.1665 teacher_rgb=0.0025 teacher_eff=1.0000 inst=1.3397 inst_eff=0.0000 inst_w=0.050000 inst_unit_eff=0.0000 teacher_called=1 abs_grad=18203.09 abs_norm=16970.23 inst_grad=28.15 backbone_grad=0.00 teacher_grad=0.00 sem_grad=0.00 gaussians_source=absolute_student old_gs_head_calls=0 psnr=18.75
[INFO] step=320 epoch=0 319/710 mem: 6.39/47.54G lr: [1e-05, 1e-05, 0.0001, 0.0001] loss: 2.904400 loss_rgb=2.668353 loss_feat=0.000000 loss_ce_cosine=0.000000 loss_boundary_rgb=0.000000 loss_instance_group=1.339681 loss_instance_contrastive=0.000000 loss_semantic_lifting=0.000000 semantic_adapter_grad_norm=0.000000 token_adapter_grad_norm=0.000000 prompt_adapter_grad_norm=0.000000 gaussian_feature_head_grad_norm=0.000000 temperature_grad_norm=0.000000 tokengs_grad_norm=0.000000 temperature=14.285715 semantic_token_variance=0.002445 semantic_token_adjacent_cosine=0.379046 prototype_offdiag_cosine_mean=0.750000 prototype_offdiag_cosine_max=0.851562 ssim=0.604505 lpips=0.664062 psnr=18.7479 speed: 0.07 it/s
[abs-train] step=330 sample=scene0220_00:0 loss_rgb=1.7702 teacher_gs=0.1338 teacher_rgb=0.0038 teacher_eff=1.0000 inst=1.3131 inst_eff=0.0000 inst_w=0.050000 inst_unit_eff=0.0000 teacher_called=1 abs_grad=20227.03 abs_norm=16970.19 inst_grad=25.94 backbone_grad=0.00 teacher_grad=0.00 sem_grad=0.00 gaussians_source=absolute_student old_gs_head_calls=0 psnr=20.53
[INFO] step=330 epoch=0 329/710 mem: 6.39/47.54G lr: [1e-05, 1e-05, 0.0001, 0.0001] loss: 1.973421 loss_rgb=1.770210 loss_feat=0.000000 loss_ce_cosine=0.000000 loss_boundary_rgb=0.000000 loss_instance_group=1.313100 loss_instance_contrastive=0.000000 loss_semantic_lifting=0.000000 semantic_adapter_grad_norm=0.000000 token_adapter_grad_norm=0.000000 prompt_adapter_grad_norm=0.000000 gaussian_feature_head_grad_norm=0.000000 temperature_grad_norm=0.000000 tokengs_grad_norm=0.000000 temperature=14.285715 semantic_token_variance=0.002557 semantic_token_adjacent_cosine=0.349330 prototype_offdiag_cosine_mean=0.750000 prototype_offdiag_cosine_max=0.851562 ssim=0.680761 lpips=0.542969 psnr=20.5301 speed: 0.08 it/s
[abs-train] step=340 sample=scene0264_00:0 loss_rgb=2.6640 teacher_gs=0.1579 teacher_rgb=0.0027 teacher_eff=1.0000 inst=1.2142 inst_eff=0.0000 inst_w=0.050000 inst_unit_eff=0.0000 teacher_called=1 abs_grad=19636.20 abs_norm=16970.11 inst_grad=32.04 backbone_grad=0.00 teacher_grad=0.00 sem_grad=0.00 gaussians_source=absolute_student old_gs_head_calls=0 psnr=18.75
[INFO] step=340 epoch=0 339/710 mem: 6.39/47.54G lr: [1e-05, 1e-05, 0.0001, 0.0001] loss: 2.885377 loss_rgb=2.664017 loss_feat=0.000000 loss_ce_cosine=0.000000 loss_boundary_rgb=0.000000 loss_instance_group=1.214215 loss_instance_contrastive=0.000000 loss_semantic_lifting=0.000000 semantic_adapter_grad_norm=0.000000 token_adapter_grad_norm=0.000000 prompt_adapter_grad_norm=0.000000 gaussian_feature_head_grad_norm=0.000000 temperature_grad_norm=0.000000 tokengs_grad_norm=0.000000 temperature=14.285715 semantic_token_variance=0.002372 semantic_token_adjacent_cosine=0.397358 prototype_offdiag_cosine_mean=0.750000 prototype_offdiag_cosine_max=0.851562 ssim=0.624627 lpips=0.601562 psnr=18.7549 speed: 0.08 it/s
[abs-train] step=350 sample=scene0424_02:0 loss_rgb=1.9448 teacher_gs=0.1532 teacher_rgb=0.0011 teacher_eff=1.0000 inst=1.2071 inst_eff=0.0000 inst_w=0.050000 inst_unit_eff=0.0000 teacher_called=1 abs_grad=11603.31 abs_norm=16970.04 inst_grad=15.65 backbone_grad=0.00 teacher_grad=0.00 sem_grad=0.00 gaussians_source=absolute_student old_gs_head_calls=0 psnr=20.12
[INFO] step=350 epoch=0 349/710 mem: 6.39/47.54G lr: [1e-05, 1e-05, 0.0001, 0.0001] loss: 2.159395 loss_rgb=1.944759 loss_feat=0.000000 loss_ce_cosine=0.000000 loss_boundary_rgb=0.000000 loss_instance_group=1.207072 loss_instance_contrastive=0.000000 loss_semantic_lifting=0.000000 semantic_adapter_grad_norm=0.000000 token_adapter_grad_norm=0.000000 prompt_adapter_grad_norm=0.000000 gaussian_feature_head_grad_norm=0.000000 temperature_grad_norm=0.000000 tokengs_grad_norm=0.000000 temperature=14.285715 semantic_token_variance=0.002471 semantic_token_adjacent_cosine=0.372339 prototype_offdiag_cosine_mean=0.750000 prototype_offdiag_cosine_max=0.851562 ssim=0.690783 lpips=0.640625 psnr=20.1216 speed: 0.08 it/s
[abs-train] step=360 sample=scene0154_00:0 loss_rgb=2.3910 teacher_gs=0.1481 teacher_rgb=0.0044 teacher_eff=1.0000 inst=1.1912 inst_eff=0.0000 inst_w=0.050000 inst_unit_eff=0.0000 teacher_called=1 abs_grad=6926.40 abs_norm=16970.05 inst_grad=28.84 backbone_grad=0.00 teacher_grad=0.00 sem_grad=0.00 gaussians_source=absolute_student old_gs_head_calls=0 psnr=19.22
[INFO] step=360 epoch=0 359/710 mem: 6.39/47.54G lr: [1e-05, 1e-05, 0.0001, 0.0001] loss: 2.603058 loss_rgb=2.391006 loss_feat=0.000000 loss_ce_cosine=0.000000 loss_boundary_rgb=0.000000 loss_instance_group=1.191168 loss_instance_contrastive=0.000000 loss_semantic_lifting=0.000000 semantic_adapter_grad_norm=0.000000 token_adapter_grad_norm=0.000000 prompt_adapter_grad_norm=0.000000 gaussian_feature_head_grad_norm=0.000000 temperature_grad_norm=0.000000 tokengs_grad_norm=0.000000 temperature=14.285715 semantic_token_variance=0.002312 semantic_token_adjacent_cosine=0.415384 prototype_offdiag_cosine_mean=0.640625 prototype_offdiag_cosine_max=0.851562 ssim=0.566162 lpips=0.621094 psnr=19.2245 speed: 0.07 it/s
[abs-train] step=370 sample=scene0086_00:0 loss_rgb=2.1277 teacher_gs=0.1632 teacher_rgb=0.0012 teacher_eff=1.0000 inst=1.1517 inst_eff=0.0000 inst_w=0.050000 inst_unit_eff=0.0000 teacher_called=1 abs_grad=14378.24 abs_norm=16970.03 inst_grad=24.64 backbone_grad=0.00 teacher_grad=0.00 sem_grad=0.00 gaussians_source=absolute_student old_gs_head_calls=0 psnr=19.73
[INFO] step=370 epoch=0 369/710 mem: 6.40/47.54G lr: [1e-05, 1e-05, 0.0001, 0.0001] loss: 2.349751 loss_rgb=2.127745 loss_feat=0.000000 loss_ce_cosine=0.000000 loss_boundary_rgb=0.000000 loss_instance_group=1.151721 loss_instance_contrastive=0.000000 loss_semantic_lifting=0.000000 semantic_adapter_grad_norm=0.000000 token_adapter_grad_norm=0.000000 prompt_adapter_grad_norm=0.000000 gaussian_feature_head_grad_norm=0.000000 temperature_grad_norm=0.000000 tokengs_grad_norm=0.000000 temperature=14.285715 semantic_token_variance=0.002417 semantic_token_adjacent_cosine=0.385466 prototype_offdiag_cosine_mean=0.757812 prototype_offdiag_cosine_max=0.851562 ssim=0.605811 lpips=0.683594 psnr=19.7311 speed: 0.06 it/s
[abs-ckpt] saved intra-epoch head checkpoint step=375
[abs-train] step=380 sample=scene0051_02:0 loss_rgb=2.3751 teacher_gs=0.1612 teacher_rgb=0.0048 teacher_eff=1.0000 inst=1.2770 inst_eff=0.0000 inst_w=0.050000 inst_unit_eff=0.0000 teacher_called=1 abs_grad=20181.25 abs_norm=16969.97 inst_grad=28.11 backbone_grad=0.00 teacher_grad=0.00 sem_grad=0.00 gaussians_source=absolute_student old_gs_head_calls=0 psnr=19.25
[INFO] step=380 epoch=0 379/710 mem: 6.40/47.54G lr: [1e-05, 1e-05, 0.0001, 0.0001] loss: 2.604934 loss_rgb=2.375128 loss_feat=0.000000 loss_ce_cosine=0.000000 loss_boundary_rgb=0.000000 loss_instance_group=1.276966 loss_instance_contrastive=0.000000 loss_semantic_lifting=0.000000 semantic_adapter_grad_norm=0.000000 token_adapter_grad_norm=0.000000 prompt_adapter_grad_norm=0.000000 gaussian_feature_head_grad_norm=0.000000 temperature_grad_norm=0.000000 tokengs_grad_norm=0.000000 temperature=14.285715 semantic_token_variance=0.002401 semantic_token_adjacent_cosine=0.390780 prototype_offdiag_cosine_mean=0.718750 prototype_offdiag_cosine_max=0.851562 ssim=0.661769 lpips=0.617188 psnr=19.2534 speed: 0.08 it/s
[abs-train] step=390 sample=scene0696_02:0 loss_rgb=2.2462 teacher_gs=0.1517 teacher_rgb=0.0026 teacher_eff=1.0000 inst=1.3068 inst_eff=0.0000 inst_w=0.050000 inst_unit_eff=0.0000 teacher_called=1 abs_grad=25045.09 abs_norm=16970.00 inst_grad=15.00 backbone_grad=0.00 teacher_grad=0.00 sem_grad=0.00 gaussians_source=absolute_student old_gs_head_calls=0 psnr=19.50
[INFO] step=390 epoch=0 389/710 mem: 6.40/47.54G lr: [1e-05, 1e-05, 0.0001, 0.0001] loss: 2.465801 loss_rgb=2.246159 loss_feat=0.000000 loss_ce_cosine=0.000000 loss_boundary_rgb=0.000000 loss_instance_group=1.306819 loss_instance_contrastive=0.000000 loss_semantic_lifting=0.000000 semantic_adapter_grad_norm=0.000000 token_adapter_grad_norm=0.000000 prompt_adapter_grad_norm=0.000000 gaussian_feature_head_grad_norm=0.000000 temperature_grad_norm=0.000000 tokengs_grad_norm=0.000000 temperature=14.285715 semantic_token_variance=0.002485 semantic_token_adjacent_cosine=0.368982 prototype_offdiag_cosine_mean=0.750000 prototype_offdiag_cosine_max=0.851562 ssim=0.508232 lpips=0.652344 psnr=19.4959 speed: 0.08 it/s
[abs-train] step=400 sample=scene0277_02:0 loss_rgb=3.8625 teacher_gs=0.1630 teacher_rgb=0.0021 teacher_eff=1.0000 inst=1.3061 inst_eff=0.0000 inst_w=0.050000 inst_unit_eff=0.0000 teacher_called=1 abs_grad=5535.64 abs_norm=16969.91 inst_grad=25.81 backbone_grad=0.00 teacher_grad=0.00 sem_grad=0.00 gaussians_source=absolute_student old_gs_head_calls=0 psnr=17.14
[INFO] step=400 epoch=0 399/710 mem: 6.40/47.54G lr: [1e-05, 1e-05, 0.0001, 0.0001] loss: 4.092937 loss_rgb=3.862490 loss_feat=0.000000 loss_ce_cosine=0.000000 loss_boundary_rgb=0.000000 loss_instance_group=1.306057 loss_instance_contrastive=0.000000 loss_semantic_lifting=0.000000 semantic_adapter_grad_norm=0.000000 token_adapter_grad_norm=0.000000 prompt_adapter_grad_norm=0.000000 gaussian_feature_head_grad_norm=0.000000 temperature_grad_norm=0.000000 tokengs_grad_norm=0.000000 temperature=14.285715 semantic_token_variance=0.002678 semantic_token_adjacent_cosine=0.317544 prototype_offdiag_cosine_mean=0.734375 prototype_offdiag_cosine_max=0.851562 ssim=0.730493 lpips=0.640625 psnr=17.1416 speed: 0.07 it/s
[abs-train] step=410 sample=scene0197_02:0 loss_rgb=3.1218 teacher_gs=0.1446 teacher_rgb=0.0049 teacher_eff=1.0000 inst=1.3517 inst_eff=0.0000 inst_w=0.050000 inst_unit_eff=0.0000 teacher_called=1 abs_grad=22684.51 abs_norm=16969.79 inst_grad=24.43 backbone_grad=0.00 teacher_grad=0.00 sem_grad=0.00 gaussians_source=absolute_student old_gs_head_calls=0 psnr=18.07
[INFO] step=410 epoch=0 409/710 mem: 6.40/47.54G lr: [1e-05, 1e-05, 0.0001, 0.0001] loss: 3.338861 loss_rgb=3.121770 loss_feat=0.000000 loss_ce_cosine=0.000000 loss_boundary_rgb=0.000000 loss_instance_group=1.351735 loss_instance_contrastive=0.000000 loss_semantic_lifting=0.000000 semantic_adapter_grad_norm=0.000000 token_adapter_grad_norm=0.000000 prompt_adapter_grad_norm=0.000000 gaussian_feature_head_grad_norm=0.000000 temperature_grad_norm=0.000000 tokengs_grad_norm=0.000000 temperature=14.285715 semantic_token_variance=0.002495 semantic_token_adjacent_cosine=0.367057 prototype_offdiag_cosine_mean=0.636719 prototype_offdiag_cosine_max=0.851562 ssim=0.648134 lpips=0.597656 psnr=18.0663 speed: 0.09 it/s
[abs-train] step=420 sample=scene0205_00:0 loss_rgb=1.7457 teacher_gs=0.1401 teacher_rgb=0.0044 teacher_eff=1.0000 inst=1.2204 inst_eff=0.0000 inst_w=0.050000 inst_unit_eff=0.0000 teacher_called=1 abs_grad=23186.67 abs_norm=16969.80 inst_grad=37.24 backbone_grad=0.00 teacher_grad=0.00 sem_grad=0.00 gaussians_source=absolute_student old_gs_head_calls=0 psnr=20.59
[INFO] step=420 epoch=0 419/710 mem: 6.40/47.54G lr: [1e-05, 1e-05, 0.0001, 0.0001] loss: 1.951184 loss_rgb=1.745651 loss_feat=0.000000 loss_ce_cosine=0.000000 loss_boundary_rgb=0.000000 loss_instance_group=1.220370 loss_instance_contrastive=0.000000 loss_semantic_lifting=0.000000 semantic_adapter_grad_norm=0.000000 token_adapter_grad_norm=0.000000 prompt_adapter_grad_norm=0.000000 gaussian_feature_head_grad_norm=0.000000 temperature_grad_norm=0.000000 tokengs_grad_norm=0.000000 temperature=14.285715 semantic_token_variance=0.002545 semantic_token_adjacent_cosine=0.353460 prototype_offdiag_cosine_mean=0.750000 prototype_offdiag_cosine_max=0.851562 ssim=0.822169 lpips=0.472656 psnr=20.5907 speed: 0.08 it/s
[abs-train] step=430 sample=scene0252_00:0 loss_rgb=1.5287 teacher_gs=0.1556 teacher_rgb=0.0022 teacher_eff=1.0000 inst=1.2878 inst_eff=0.0000 inst_w=0.050000 inst_unit_eff=0.0000 teacher_called=1 abs_grad=18676.70 abs_norm=16969.79 inst_grad=21.57 backbone_grad=0.00 teacher_grad=0.00 sem_grad=0.00 gaussians_source=absolute_student old_gs_head_calls=0 psnr=21.17
[INFO] step=430 epoch=0 429/710 mem: 6.40/47.54G lr: [1e-05, 1e-05, 0.0001, 0.0001] loss: 1.750949 loss_rgb=1.528744 loss_feat=0.000000 loss_ce_cosine=0.000000 loss_boundary_rgb=0.000000 loss_instance_group=1.287804 loss_instance_contrastive=0.000000 loss_semantic_lifting=0.000000 semantic_adapter_grad_norm=0.000000 token_adapter_grad_norm=0.000000 prompt_adapter_grad_norm=0.000000 gaussian_feature_head_grad_norm=0.000000 temperature_grad_norm=0.000000 tokengs_grad_norm=0.000000 temperature=14.285715 semantic_token_variance=0.002405 semantic_token_adjacent_cosine=0.387570 prototype_offdiag_cosine_mean=0.750000 prototype_offdiag_cosine_max=0.851562 ssim=0.772654 lpips=0.503906 psnr=21.1670 speed: 0.08 it/s
[abs-train] step=440 sample=scene0039_00:0 loss_rgb=2.4895 teacher_gs=0.1694 teacher_rgb=0.0051 teacher_eff=1.0000 inst=1.1245 inst_eff=0.0000 inst_w=0.050000 inst_unit_eff=0.0000 teacher_called=1 abs_grad=11552.75 abs_norm=16969.72 inst_grad=36.47 backbone_grad=0.00 teacher_grad=0.00 sem_grad=0.00 gaussians_source=absolute_student old_gs_head_calls=0 psnr=19.05
[INFO] step=440 epoch=0 439/710 mem: 6.40/47.54G lr: [1e-05, 1e-05, 0.0001, 0.0001] loss: 2.720212 loss_rgb=2.489459 loss_feat=0.000000 loss_ce_cosine=0.000000 loss_boundary_rgb=0.000000 loss_instance_group=1.124525 loss_instance_contrastive=0.000000 loss_semantic_lifting=0.000000 semantic_adapter_grad_norm=0.000000 token_adapter_grad_norm=0.000000 prompt_adapter_grad_norm=0.000000 gaussian_feature_head_grad_norm=0.000000 temperature_grad_norm=0.000000 tokengs_grad_norm=0.000000 temperature=14.285715 semantic_token_variance=0.002501 semantic_token_adjacent_cosine=0.364230 prototype_offdiag_cosine_mean=0.691406 prototype_offdiag_cosine_max=0.851562 ssim=0.718860 lpips=0.625000 psnr=19.0493 speed: 0.08 it/s
[abs-train] step=450 sample=scene0080_00:0 loss_rgb=0.7325 teacher_gs=0.1542 teacher_rgb=0.0008 teacher_eff=1.0000 inst=1.2895 inst_eff=0.0000 inst_w=0.050000 inst_unit_eff=0.0000 teacher_called=1 abs_grad=18311.79 abs_norm=16969.66 inst_grad=19.03 backbone_grad=0.00 teacher_grad=0.00 sem_grad=0.00 gaussians_source=absolute_student old_gs_head_calls=0 psnr=24.36
[INFO] step=450 epoch=0 449/710 mem: 6.40/47.54G lr: [1e-05, 1e-05, 0.0001, 0.0001] loss: 0.952098 loss_rgb=0.732543 loss_feat=0.000000 loss_ce_cosine=0.000000 loss_boundary_rgb=0.000000 loss_instance_group=1.289495 loss_instance_contrastive=0.000000 loss_semantic_lifting=0.000000 semantic_adapter_grad_norm=0.000000 token_adapter_grad_norm=0.000000 prompt_adapter_grad_norm=0.000000 gaussian_feature_head_grad_norm=0.000000 temperature_grad_norm=0.000000 tokengs_grad_norm=0.000000 temperature=14.285715 semantic_token_variance=0.002380 semantic_token_adjacent_cosine=0.395049 prototype_offdiag_cosine_mean=0.750000 prototype_offdiag_cosine_max=0.851562 ssim=0.664016 lpips=0.625000 psnr=24.3620 speed: 0.07 it/s
[abs-train] step=460 sample=scene0098_00:0 loss_rgb=1.2652 teacher_gs=0.1590 teacher_rgb=0.0022 teacher_eff=1.0000 inst=1.2342 inst_eff=0.0000 inst_w=0.050000 inst_unit_eff=0.0000 teacher_called=1 abs_grad=5527.40 abs_norm=16969.69 inst_grad=18.48 backbone_grad=0.00 teacher_grad=0.00 sem_grad=0.00 gaussians_source=absolute_student old_gs_head_calls=0 psnr=21.99
[INFO] step=460 epoch=0 459/710 mem: 6.40/47.54G lr: [1e-05, 1e-05, 0.0001, 0.0001] loss: 1.488137 loss_rgb=1.265171 loss_feat=0.000000 loss_ce_cosine=0.000000 loss_boundary_rgb=0.000000 loss_instance_group=1.234224 loss_instance_contrastive=0.000000 loss_semantic_lifting=0.000000 semantic_adapter_grad_norm=0.000000 token_adapter_grad_norm=0.000000 prompt_adapter_grad_norm=0.000000 gaussian_feature_head_grad_norm=0.000000 temperature_grad_norm=0.000000 tokengs_grad_norm=0.000000 temperature=14.285715 semantic_token_variance=0.002376 semantic_token_adjacent_cosine=0.395939 prototype_offdiag_cosine_mean=0.757812 prototype_offdiag_cosine_max=0.867188 ssim=0.752451 lpips=0.550781 psnr=21.9888 speed: 0.08 it/s
[abs-train] step=470 sample=scene0137_02:0 loss_rgb=0.4579 teacher_gs=0.1636 teacher_rgb=0.0006 teacher_eff=1.0000 inst=1.1949 inst_eff=0.0000 inst_w=0.050000 inst_unit_eff=0.0000 teacher_called=1 abs_grad=6504.09 abs_norm=16969.63 inst_grad=30.13 backbone_grad=0.00 teacher_grad=0.00 sem_grad=0.00 gaussians_source=absolute_student old_gs_head_calls=0 psnr=26.40
[INFO] step=470 epoch=0 469/710 mem: 6.40/47.54G lr: [1e-05, 1e-05, 0.0001, 0.0001] loss: 0.681834 loss_rgb=0.457894 loss_feat=0.000000 loss_ce_cosine=0.000000 loss_boundary_rgb=0.000000 loss_instance_group=1.194894 loss_instance_contrastive=0.000000 loss_semantic_lifting=0.000000 semantic_adapter_grad_norm=0.000000 token_adapter_grad_norm=0.000000 prompt_adapter_grad_norm=0.000000 gaussian_feature_head_grad_norm=0.000000 temperature_grad_norm=0.000000 tokengs_grad_norm=0.000000 temperature=14.285715 semantic_token_variance=0.002273 semantic_token_adjacent_cosine=0.424357 prototype_offdiag_cosine_mean=0.726562 prototype_offdiag_cosine_max=0.851562 ssim=0.786878 lpips=0.578125 psnr=26.4026 speed: 0.08 it/s
[abs-train] step=480 sample=scene0362_02:0 loss_rgb=1.8518 teacher_gs=0.1452 teacher_rgb=0.0057 teacher_eff=1.0000 inst=1.1709 inst_eff=0.0000 inst_w=0.050000 inst_unit_eff=0.0000 teacher_called=1 abs_grad=23977.59 abs_norm=16969.46 inst_grad=25.32 backbone_grad=0.00 teacher_grad=0.00 sem_grad=0.00 gaussians_source=absolute_student old_gs_head_calls=0 psnr=20.33
[INFO] step=480 epoch=0 479/710 mem: 6.40/47.54G lr: [1e-05, 1e-05, 0.0001, 0.0001] loss: 2.061279 loss_rgb=1.851799 loss_feat=0.000000 loss_ce_cosine=0.000000 loss_boundary_rgb=0.000000 loss_instance_group=1.170907 loss_instance_contrastive=0.000000 loss_semantic_lifting=0.000000 semantic_adapter_grad_norm=0.000000 token_adapter_grad_norm=0.000000 prompt_adapter_grad_norm=0.000000 gaussian_feature_head_grad_norm=0.000000 temperature_grad_norm=0.000000 tokengs_grad_norm=0.000000 temperature=14.285715 semantic_token_variance=0.002431 semantic_token_adjacent_cosine=0.382791 prototype_offdiag_cosine_mean=0.750000 prototype_offdiag_cosine_max=0.851562 ssim=0.700823 lpips=0.613281 psnr=20.3344 speed: 0.08 it/s
[abs-train] step=490 sample=scene0307_00:0 loss_rgb=2.3637 teacher_gs=0.1439 teacher_rgb=0.0018 teacher_eff=1.0000 inst=1.3182 inst_eff=0.0000 inst_w=0.050000 inst_unit_eff=0.0000 teacher_called=1 abs_grad=10838.79 abs_norm=16969.39 inst_grad=25.97 backbone_grad=0.00 teacher_grad=0.00 sem_grad=0.00 gaussians_source=absolute_student old_gs_head_calls=0 psnr=19.27
[INFO] step=490 epoch=0 489/710 mem: 6.40/47.54G lr: [1e-05, 1e-05, 0.0001, 0.0001] loss: 2.575264 loss_rgb=2.363679 loss_feat=0.000000 loss_ce_cosine=0.000000 loss_boundary_rgb=0.000000 loss_instance_group=1.318196 loss_instance_contrastive=0.000000 loss_semantic_lifting=0.000000 semantic_adapter_grad_norm=0.000000 token_adapter_grad_norm=0.000000 prompt_adapter_grad_norm=0.000000 gaussian_feature_head_grad_norm=0.000000 temperature_grad_norm=0.000000 tokengs_grad_norm=0.000000 temperature=14.285715 semantic_token_variance=0.002538 semantic_token_adjacent_cosine=0.357045 prototype_offdiag_cosine_mean=0.722656 prototype_offdiag_cosine_max=0.851562 ssim=0.610824 lpips=0.652344 psnr=19.2744 speed: 0.08 it/s
[abs-train] step=500 sample=scene0368_00:0 loss_rgb=2.6476 teacher_gs=0.1576 teacher_rgb=0.0031 teacher_eff=1.0000 inst=1.1959 inst_eff=0.0000 inst_w=0.050000 inst_unit_eff=0.0000 teacher_called=1 abs_grad=14921.52 abs_norm=16969.27 inst_grad=18.99 backbone_grad=0.00 teacher_grad=0.00 sem_grad=0.00 gaussians_source=absolute_student old_gs_head_calls=0 psnr=18.78
[INFO] step=500 epoch=0 499/710 mem: 6.40/47.54G lr: [1e-05, 1e-05, 0.0001, 0.0001] loss: 2.868141 loss_rgb=2.647640 loss_feat=0.000000 loss_ce_cosine=0.000000 loss_boundary_rgb=0.000000 loss_instance_group=1.195901 loss_instance_contrastive=0.000000 loss_semantic_lifting=0.000000 semantic_adapter_grad_norm=0.000000 token_adapter_grad_norm=0.000000 prompt_adapter_grad_norm=0.000000 gaussian_feature_head_grad_norm=0.000000 temperature_grad_norm=0.000000 tokengs_grad_norm=0.000000 temperature=14.285715 semantic_token_variance=0.002477 semantic_token_adjacent_cosine=0.370387 prototype_offdiag_cosine_mean=0.750000 prototype_offdiag_cosine_max=0.851562 ssim=0.660023 lpips=0.640625 psnr=18.7817 speed: 0.07 it/s
[abs-ckpt] saved intra-epoch head checkpoint step=500
[abs-train] step=510 sample=scene0629_02:0 loss_rgb=0.5451 teacher_gs=0.1611 teacher_rgb=0.0009 teacher_eff=1.0000 inst=1.2690 inst_eff=0.0000 inst_w=0.050000 inst_unit_eff=0.0000 teacher_called=1 abs_grad=14692.79 abs_norm=16969.21 inst_grad=26.77 backbone_grad=0.00 teacher_grad=0.00 sem_grad=0.00 gaussians_source=absolute_student old_gs_head_calls=0 psnr=25.65
[INFO] step=510 epoch=0 509/710 mem: 6.40/47.54G lr: [1e-05, 1e-05, 0.0001, 0.0001] loss: 0.770428 loss_rgb=0.545059 loss_feat=0.000000 loss_ce_cosine=0.000000 loss_boundary_rgb=0.000000 loss_instance_group=1.269000 loss_instance_contrastive=0.000000 loss_semantic_lifting=0.000000 semantic_adapter_grad_norm=0.000000 token_adapter_grad_norm=0.000000 prompt_adapter_grad_norm=0.000000 gaussian_feature_head_grad_norm=0.000000 temperature_grad_norm=0.000000 tokengs_grad_norm=0.000000 temperature=14.285715 semantic_token_variance=0.002333 semantic_token_adjacent_cosine=0.407845 prototype_offdiag_cosine_mean=0.750000 prototype_offdiag_cosine_max=0.851562 ssim=0.706631 lpips=0.628906 psnr=25.6459 speed: 0.07 it/s
[abs-train] step=520 sample=scene0307_02:0 loss_rgb=2.9483 teacher_gs=0.1483 teacher_rgb=0.0021 teacher_eff=1.0000 inst=1.3226 inst_eff=0.0000 inst_w=0.050000 inst_unit_eff=0.0000 teacher_called=1 abs_grad=8922.00 abs_norm=16969.21 inst_grad=19.81 backbone_grad=0.00 teacher_grad=0.00 sem_grad=0.00 gaussians_source=absolute_student old_gs_head_calls=0 psnr=18.31
[INFO] step=520 epoch=0 519/710 mem: 6.40/47.54G lr: [1e-05, 1e-05, 0.0001, 0.0001] loss: 3.164858 loss_rgb=2.948300 loss_feat=0.000000 loss_ce_cosine=0.000000 loss_boundary_rgb=0.000000 loss_instance_group=1.322645 loss_instance_contrastive=0.000000 loss_semantic_lifting=0.000000 semantic_adapter_grad_norm=0.000000 token_adapter_grad_norm=0.000000 prompt_adapter_grad_norm=0.000000 gaussian_feature_head_grad_norm=0.000000 temperature_grad_norm=0.000000 tokengs_grad_norm=0.000000 temperature=14.285715 semantic_token_variance=0.002577 semantic_token_adjacent_cosine=0.344660 prototype_offdiag_cosine_mean=0.750000 prototype_offdiag_cosine_max=0.851562 ssim=0.591115 lpips=0.664062 psnr=18.3146 speed: 0.07 it/s
[abs-train] step=530 sample=scene0485_00:0 loss_rgb=2.5726 teacher_gs=0.1571 teacher_rgb=0.0013 teacher_eff=1.0000 inst=1.3547 inst_eff=0.0000 inst_w=0.050000 inst_unit_eff=0.0000 teacher_called=1 abs_grad=14746.76 abs_norm=16969.24 inst_grad=34.62 backbone_grad=0.00 teacher_grad=0.00 sem_grad=0.00 gaussians_source=absolute_student old_gs_head_calls=0 psnr=18.91
[INFO] step=530 epoch=0 529/710 mem: 6.40/47.54G lr: [1e-05, 1e-05, 0.0001, 0.0001] loss: 2.798746 loss_rgb=2.572560 loss_feat=0.000000 loss_ce_cosine=0.000000 loss_boundary_rgb=0.000000 loss_instance_group=1.354744 loss_instance_contrastive=0.000000 loss_semantic_lifting=0.000000 semantic_adapter_grad_norm=0.000000 token_adapter_grad_norm=0.000000 prompt_adapter_grad_norm=0.000000 gaussian_feature_head_grad_norm=0.000000 temperature_grad_norm=0.000000 tokengs_grad_norm=0.000000 temperature=14.285715 semantic_token_variance=0.002566 semantic_token_adjacent_cosine=0.348466 prototype_offdiag_cosine_mean=0.660156 prototype_offdiag_cosine_max=0.851562 ssim=0.737797 lpips=0.621094 psnr=18.9066 speed: 0.07 it/s
[abs-train] step=540 sample=scene0046_00:0 loss_rgb=3.9018 teacher_gs=0.1629 teacher_rgb=0.0047 teacher_eff=1.0000 inst=1.2791 inst_eff=0.0000 inst_w=0.050000 inst_unit_eff=0.0000 teacher_called=1 abs_grad=5877.75 abs_norm=16969.21 inst_grad=20.60 backbone_grad=0.00 teacher_grad=0.00 sem_grad=0.00 gaussians_source=absolute_student old_gs_head_calls=0 psnr=17.10
[INFO] step=540 epoch=0 539/710 mem: 6.40/47.54G lr: [1e-05, 1e-05, 0.0001, 0.0001] loss: 4.133400 loss_rgb=3.901803 loss_feat=0.000000 loss_ce_cosine=0.000000 loss_boundary_rgb=0.000000 loss_instance_group=1.279059 loss_instance_contrastive=0.000000 loss_semantic_lifting=0.000000 semantic_adapter_grad_norm=0.000000 token_adapter_grad_norm=0.000000 prompt_adapter_grad_norm=0.000000 gaussian_feature_head_grad_norm=0.000000 temperature_grad_norm=0.000000 tokengs_grad_norm=0.000000 temperature=14.285715 semantic_token_variance=0.002521 semantic_token_adjacent_cosine=0.359546 prototype_offdiag_cosine_mean=0.746094 prototype_offdiag_cosine_max=0.851562 ssim=0.597809 lpips=0.644531 psnr=17.0976 speed: 0.08 it/s
[abs-train] step=550 sample=scene0296_00:0 loss_rgb=1.2016 teacher_gs=0.1496 teacher_rgb=0.0028 teacher_eff=1.0000 inst=1.3483 inst_eff=0.0000 inst_w=0.050000 inst_unit_eff=0.0000 teacher_called=1 abs_grad=29012.03 abs_norm=16969.15 inst_grad=22.05 backbone_grad=0.00 teacher_grad=0.00 sem_grad=0.00 gaussians_source=absolute_student old_gs_head_calls=0 psnr=22.21
[INFO] step=550 epoch=0 549/710 mem: 6.40/47.54G lr: [1e-05, 1e-05, 0.0001, 0.0001] loss: 1.421482 loss_rgb=1.201628 loss_feat=0.000000 loss_ce_cosine=0.000000 loss_boundary_rgb=0.000000 loss_instance_group=1.348321 loss_instance_contrastive=0.000000 loss_semantic_lifting=0.000000 semantic_adapter_grad_norm=0.000000 token_adapter_grad_norm=0.000000 prompt_adapter_grad_norm=0.000000 gaussian_feature_head_grad_norm=0.000000 temperature_grad_norm=0.000000 tokengs_grad_norm=0.000000 temperature=14.285715 semantic_token_variance=0.002442 semantic_token_adjacent_cosine=0.379188 prototype_offdiag_cosine_mean=0.726562 prototype_offdiag_cosine_max=0.851562 ssim=0.758645 lpips=0.574219 psnr=22.2126 speed: 0.07 it/s
[abs-train] step=560 sample=scene0388_00:0 loss_rgb=2.8148 teacher_gs=0.1608 teacher_rgb=0.0035 teacher_eff=1.0000 inst=1.1989 inst_eff=0.0000 inst_w=0.050000 inst_unit_eff=0.0000 teacher_called=1 abs_grad=25879.12 abs_norm=16969.15 inst_grad=28.60 backbone_grad=0.00 teacher_grad=0.00 sem_grad=0.00 gaussians_source=absolute_student old_gs_head_calls=0 psnr=18.52
[INFO] step=560 epoch=0 559/710 mem: 6.40/47.54G lr: [1e-05, 1e-05, 0.0001, 0.0001] loss: 3.039049 loss_rgb=2.814790 loss_feat=0.000000 loss_ce_cosine=0.000000 loss_boundary_rgb=0.000000 loss_instance_group=1.198946 loss_instance_contrastive=0.000000 loss_semantic_lifting=0.000000 semantic_adapter_grad_norm=0.000000 token_adapter_grad_norm=0.000000 prompt_adapter_grad_norm=0.000000 gaussian_feature_head_grad_norm=0.000000 temperature_grad_norm=0.000000 tokengs_grad_norm=0.000000 temperature=14.285715 semantic_token_variance=0.002443 semantic_token_adjacent_cosine=0.383981 prototype_offdiag_cosine_mean=0.742188 prototype_offdiag_cosine_max=0.832031 ssim=0.690247 lpips=0.617188 psnr=18.5158 speed: 0.07 it/s
[abs-train] step=570 sample=scene0024_00:0 loss_rgb=4.2834 teacher_gs=0.1623 teacher_rgb=0.0041 teacher_eff=1.0000 inst=1.3951 inst_eff=0.0000 inst_w=0.050000 inst_unit_eff=0.0000 teacher_called=1 abs_grad=15644.88 abs_norm=16969.13 inst_grad=26.31 backbone_grad=0.00 teacher_grad=0.00 sem_grad=0.00 gaussians_source=absolute_student old_gs_head_calls=0 psnr=16.69
[INFO] step=570 epoch=0 569/710 mem: 6.40/47.54G lr: [1e-05, 1e-05, 0.0001, 0.0001] loss: 4.519516 loss_rgb=4.283397 loss_feat=0.000000 loss_ce_cosine=0.000000 loss_boundary_rgb=0.000000 loss_instance_group=1.395127 loss_instance_contrastive=0.000000 loss_semantic_lifting=0.000000 semantic_adapter_grad_norm=0.000000 token_adapter_grad_norm=0.000000 prompt_adapter_grad_norm=0.000000 gaussian_feature_head_grad_norm=0.000000 temperature_grad_norm=0.000000 tokengs_grad_norm=0.000000 temperature=14.285715 semantic_token_variance=0.002480 semantic_token_adjacent_cosine=0.370337 prototype_offdiag_cosine_mean=0.636719 prototype_offdiag_cosine_max=0.832031 ssim=0.568828 lpips=0.679688 psnr=16.6924 speed: 0.10 it/s
[abs-train] step=580 sample=scene0331_00:0 loss_rgb=4.6042 teacher_gs=0.1343 teacher_rgb=0.0060 teacher_eff=1.0000 inst=1.2565 inst_eff=0.0000 inst_w=0.050000 inst_unit_eff=0.0000 teacher_called=1 abs_grad=12210.92 abs_norm=16969.00 inst_grad=20.53 backbone_grad=0.00 teacher_grad=0.00 sem_grad=0.00 gaussians_source=absolute_student old_gs_head_calls=0 psnr=16.38
[INFO] step=580 epoch=0 579/710 mem: 6.40/47.54G lr: [1e-05, 1e-05, 0.0001, 0.0001] loss: 4.807377 loss_rgb=4.604249 loss_feat=0.000000 loss_ce_cosine=0.000000 loss_boundary_rgb=0.000000 loss_instance_group=1.256499 loss_instance_contrastive=0.000000 loss_semantic_lifting=0.000000 semantic_adapter_grad_norm=0.000000 token_adapter_grad_norm=0.000000 prompt_adapter_grad_norm=0.000000 gaussian_feature_head_grad_norm=0.000000 temperature_grad_norm=0.000000 tokengs_grad_norm=0.000000 temperature=14.285715 semantic_token_variance=0.002615 semantic_token_adjacent_cosine=0.334931 prototype_offdiag_cosine_mean=0.750000 prototype_offdiag_cosine_max=0.851562 ssim=0.560184 lpips=0.613281 psnr=16.3787 speed: 0.11 it/s
[abs-train] step=590 sample=scene0042_02:0 loss_rgb=1.6496 teacher_gs=0.1506 teacher_rgb=0.0015 teacher_eff=1.0000 inst=1.2393 inst_eff=0.0000 inst_w=0.050000 inst_unit_eff=0.0000 teacher_called=1 abs_grad=13823.18 abs_norm=16968.96 inst_grad=33.78 backbone_grad=0.00 teacher_grad=0.00 sem_grad=0.00 gaussians_source=absolute_student old_gs_head_calls=0 psnr=20.84
[INFO] step=590 epoch=0 589/710 mem: 6.40/47.54G lr: [1e-05, 1e-05, 0.0001, 0.0001] loss: 1.863723 loss_rgb=1.649622 loss_feat=0.000000 loss_ce_cosine=0.000000 loss_boundary_rgb=0.000000 loss_instance_group=1.239267 loss_instance_contrastive=0.000000 loss_semantic_lifting=0.000000 semantic_adapter_grad_norm=0.000000 token_adapter_grad_norm=0.000000 prompt_adapter_grad_norm=0.000000 gaussian_feature_head_grad_norm=0.000000 temperature_grad_norm=0.000000 tokengs_grad_norm=0.000000 temperature=14.285715 semantic_token_variance=0.002431 semantic_token_adjacent_cosine=0.385321 prototype_offdiag_cosine_mean=0.742188 prototype_offdiag_cosine_max=0.851562 ssim=0.610997 lpips=0.726562 psnr=20.8365 speed: 0.10 it/s
[abs-train] step=600 sample=scene0260_02:0 loss_rgb=1.4745 teacher_gs=0.1812 teacher_rgb=0.0031 teacher_eff=1.0000 inst=1.3299 inst_eff=0.0000 inst_w=0.050000 inst_unit_eff=0.0000 teacher_called=1 abs_grad=12596.06 abs_norm=16968.97 inst_grad=18.46 backbone_grad=0.00 teacher_grad=0.00 sem_grad=0.00 gaussians_source=absolute_student old_gs_head_calls=0 psnr=21.32
[INFO] step=600 epoch=0 599/710 mem: 6.40/47.54G lr: [1e-05, 1e-05, 0.0001, 0.0001] loss: 1.725299 loss_rgb=1.474480 loss_feat=0.000000 loss_ce_cosine=0.000000 loss_boundary_rgb=0.000000 loss_instance_group=1.329926 loss_instance_contrastive=0.000000 loss_semantic_lifting=0.000000 semantic_adapter_grad_norm=0.000000 token_adapter_grad_norm=0.000000 prompt_adapter_grad_norm=0.000000 gaussian_feature_head_grad_norm=0.000000 temperature_grad_norm=0.000000 tokengs_grad_norm=0.000000 temperature=14.285715 semantic_token_variance=0.002207 semantic_token_adjacent_cosine=0.440049 prototype_offdiag_cosine_mean=0.750000 prototype_offdiag_cosine_max=0.851562 ssim=0.740294 lpips=0.597656 psnr=21.3239 speed: 0.11 it/s
[abs-train] step=610 sample=scene0179_00:0 loss_rgb=5.1602 teacher_gs=0.1342 teacher_rgb=0.0041 teacher_eff=1.0000 inst=1.3579 inst_eff=0.0000 inst_w=0.050000 inst_unit_eff=0.0000 teacher_called=1 abs_grad=15576.26 abs_norm=16969.04 inst_grad=23.76 backbone_grad=0.00 teacher_grad=0.00 sem_grad=0.00 gaussians_source=absolute_student old_gs_head_calls=0 psnr=15.88
[INFO] step=610 epoch=0 609/710 mem: 6.40/47.54G lr: [1e-05, 1e-05, 0.0001, 0.0001] loss: 5.366393 loss_rgb=5.160199 loss_feat=0.000000 loss_ce_cosine=0.000000 loss_boundary_rgb=0.000000 loss_instance_group=1.357928 loss_instance_contrastive=0.000000 loss_semantic_lifting=0.000000 semantic_adapter_grad_norm=0.000000 token_adapter_grad_norm=0.000000 prompt_adapter_grad_norm=0.000000 gaussian_feature_head_grad_norm=0.000000 temperature_grad_norm=0.000000 tokengs_grad_norm=0.000000 temperature=14.285715 semantic_token_variance=0.002690 semantic_token_adjacent_cosine=0.314942 prototype_offdiag_cosine_mean=0.750000 prototype_offdiag_cosine_max=0.851562 ssim=0.501702 lpips=0.660156 psnr=15.8836 speed: 0.10 it/s
[abs-train] step=620 sample=scene0281_00:0 loss_rgb=2.2001 teacher_gs=0.1473 teacher_rgb=0.0034 teacher_eff=1.0000 inst=1.1439 inst_eff=0.0000 inst_w=0.050000 inst_unit_eff=0.0000 teacher_called=1 abs_grad=20706.83 abs_norm=16969.00 inst_grad=19.35 backbone_grad=0.00 teacher_grad=0.00 sem_grad=0.00 gaussians_source=absolute_student old_gs_head_calls=0 psnr=19.59
[INFO] step=620 epoch=0 619/710 mem: 6.40/47.54G lr: [1e-05, 1e-05, 0.0001, 0.0001] loss: 2.407974 loss_rgb=2.200122 loss_feat=0.000000 loss_ce_cosine=0.000000 loss_boundary_rgb=0.000000 loss_instance_group=1.143942 loss_instance_contrastive=0.000000 loss_semantic_lifting=0.000000 semantic_adapter_grad_norm=0.000000 token_adapter_grad_norm=0.000000 prompt_adapter_grad_norm=0.000000 gaussian_feature_head_grad_norm=0.000000 temperature_grad_norm=0.000000 tokengs_grad_norm=0.000000 temperature=14.285715 semantic_token_variance=0.002456 semantic_token_adjacent_cosine=0.381450 prototype_offdiag_cosine_mean=0.628906 prototype_offdiag_cosine_max=0.832031 ssim=0.718955 lpips=0.632812 psnr=19.5858 speed: 0.09 it/s
[abs-ckpt] saved intra-epoch head checkpoint step=625
[abs-train] step=630 sample=scene0488_00:0 loss_rgb=1.4402 teacher_gs=0.1431 teacher_rgb=0.0015 teacher_eff=1.0000 inst=1.2559 inst_eff=0.0000 inst_w=0.050000 inst_unit_eff=0.0000 teacher_called=1 abs_grad=13332.33 abs_norm=16968.94 inst_grad=21.93 backbone_grad=0.00 teacher_grad=0.00 sem_grad=0.00 gaussians_source=absolute_student old_gs_head_calls=0 psnr=21.43
[INFO] step=630 epoch=0 629/710 mem: 6.40/47.54G lr: [1e-05, 1e-05, 0.0001, 0.0001] loss: 1.647654 loss_rgb=1.440207 loss_feat=0.000000 loss_ce_cosine=0.000000 loss_boundary_rgb=0.000000 loss_instance_group=1.255884 loss_instance_contrastive=0.000000 loss_semantic_lifting=0.000000 semantic_adapter_grad_norm=0.000000 token_adapter_grad_norm=0.000000 prompt_adapter_grad_norm=0.000000 gaussian_feature_head_grad_norm=0.000000 temperature_grad_norm=0.000000 tokengs_grad_norm=0.000000 temperature=14.285715 semantic_token_variance=0.002438 semantic_token_adjacent_cosine=0.382866 prototype_offdiag_cosine_mean=0.679688 prototype_offdiag_cosine_max=0.851562 ssim=0.779916 lpips=0.593750 psnr=21.4261 speed: 0.10 it/s
[abs-train] step=640 sample=scene0400_00:0 loss_rgb=2.9669 teacher_gs=0.1632 teacher_rgb=0.0012 teacher_eff=1.0000 inst=1.1336 inst_eff=0.0000 inst_w=0.050000 inst_unit_eff=0.0000 teacher_called=1 abs_grad=11744.34 abs_norm=16968.84 inst_grad=28.15 backbone_grad=0.00 teacher_grad=0.00 sem_grad=0.00 gaussians_source=absolute_student old_gs_head_calls=0 psnr=18.29
[INFO] step=640 epoch=0 639/710 mem: 6.40/47.54G lr: [1e-05, 1e-05, 0.0001, 0.0001] loss: 3.187999 loss_rgb=2.966916 loss_feat=0.000000 loss_ce_cosine=0.000000 loss_boundary_rgb=0.000000 loss_instance_group=1.133578 loss_instance_contrastive=0.000000 loss_semantic_lifting=0.000000 semantic_adapter_grad_norm=0.000000 token_adapter_grad_norm=0.000000 prompt_adapter_grad_norm=0.000000 gaussian_feature_head_grad_norm=0.000000 temperature_grad_norm=0.000000 tokengs_grad_norm=0.000000 temperature=14.285715 semantic_token_variance=0.002294 semantic_token_adjacent_cosine=0.418792 prototype_offdiag_cosine_mean=0.632812 prototype_offdiag_cosine_max=0.851562 ssim=0.797988 lpips=0.589844 psnr=18.2872 speed: 0.09 it/s
[abs-train] step=650 sample=scene0377_01:0 loss_rgb=3.6680 teacher_gs=0.1422 teacher_rgb=0.0035 teacher_eff=1.0000 inst=1.1916 inst_eff=0.0000 inst_w=0.050000 inst_unit_eff=0.0000 teacher_called=1 abs_grad=15607.26 abs_norm=16968.84 inst_grad=16.59 backbone_grad=0.00 teacher_grad=0.00 sem_grad=0.00 gaussians_source=absolute_student old_gs_head_calls=0 psnr=17.37
[INFO] step=650 epoch=0 649/710 mem: 6.40/47.54G lr: [1e-05, 1e-05, 0.0001, 0.0001] loss: 3.873248 loss_rgb=3.668022 loss_feat=0.000000 loss_ce_cosine=0.000000 loss_boundary_rgb=0.000000 loss_instance_group=1.191618 loss_instance_contrastive=0.000000 loss_semantic_lifting=0.000000 semantic_adapter_grad_norm=0.000000 token_adapter_grad_norm=0.000000 prompt_adapter_grad_norm=0.000000 gaussian_feature_head_grad_norm=0.000000 temperature_grad_norm=0.000000 tokengs_grad_norm=0.000000 temperature=14.285715 semantic_token_variance=0.002544 semantic_token_adjacent_cosine=0.354844 prototype_offdiag_cosine_mean=0.609375 prototype_offdiag_cosine_max=0.851562 ssim=0.545241 lpips=0.652344 psnr=17.3660 speed: 0.11 it/s
[abs-train] step=660 sample=scene0065_02:0 loss_rgb=2.2963 teacher_gs=0.1732 teacher_rgb=0.0019 teacher_eff=1.0000 inst=1.2798 inst_eff=0.0000 inst_w=0.050000 inst_unit_eff=0.0000 teacher_called=1 abs_grad=41716.05 abs_norm=16968.87 inst_grad=23.89 backbone_grad=0.00 teacher_grad=0.00 sem_grad=0.00 gaussians_source=absolute_student old_gs_head_calls=0 psnr=19.40
[INFO] step=660 epoch=0 659/710 mem: 6.40/47.54G lr: [1e-05, 1e-05, 0.0001, 0.0001] loss: 2.535358 loss_rgb=2.296252 loss_feat=0.000000 loss_ce_cosine=0.000000 loss_boundary_rgb=0.000000 loss_instance_group=1.279836 loss_instance_contrastive=0.000000 loss_semantic_lifting=0.000000 semantic_adapter_grad_norm=0.000000 token_adapter_grad_norm=0.000000 prompt_adapter_grad_norm=0.000000 gaussian_feature_head_grad_norm=0.000000 temperature_grad_norm=0.000000 tokengs_grad_norm=0.000000 temperature=14.285715 semantic_token_variance=0.002465 semantic_token_adjacent_cosine=0.375448 prototype_offdiag_cosine_mean=0.750000 prototype_offdiag_cosine_max=0.851562 ssim=0.789377 lpips=0.566406 psnr=19.4001 speed: 0.10 it/s
[abs-train] step=670 sample=scene0239_00:0 loss_rgb=0.6681 teacher_gs=0.1470 teacher_rgb=0.0024 teacher_eff=1.0000 inst=1.1775 inst_eff=0.0000 inst_w=0.050000 inst_unit_eff=0.0000 teacher_called=1 abs_grad=26887.32 abs_norm=16968.84 inst_grad=25.10 backbone_grad=0.00 teacher_grad=0.00 sem_grad=0.00 gaussians_source=absolute_student old_gs_head_calls=0 psnr=24.76
[INFO] step=670 epoch=0 669/710 mem: 6.40/47.54G lr: [1e-05, 1e-05, 0.0001, 0.0001] loss: 0.876324 loss_rgb=0.668054 loss_feat=0.000000 loss_ce_cosine=0.000000 loss_boundary_rgb=0.000000 loss_instance_group=1.177549 loss_instance_contrastive=0.000000 loss_semantic_lifting=0.000000 semantic_adapter_grad_norm=0.000000 token_adapter_grad_norm=0.000000 prompt_adapter_grad_norm=0.000000 gaussian_feature_head_grad_norm=0.000000 temperature_grad_norm=0.000000 tokengs_grad_norm=0.000000 temperature=14.285715 semantic_token_variance=0.002286 semantic_token_adjacent_cosine=0.421185 prototype_offdiag_cosine_mean=0.750000 prototype_offdiag_cosine_max=0.851562 ssim=0.793232 lpips=0.593750 psnr=24.7622 speed: 0.08 it/s
[abs-train] step=680 sample=scene0211_01:0 loss_rgb=2.6008 teacher_gs=0.1679 teacher_rgb=0.0028 teacher_eff=1.0000 inst=1.3116 inst_eff=0.0000 inst_w=0.050000 inst_unit_eff=0.0000 teacher_called=1 abs_grad=12438.95 abs_norm=16968.76 inst_grad=24.61 backbone_grad=0.00 teacher_grad=0.00 sem_grad=0.00 gaussians_source=absolute_student old_gs_head_calls=0 psnr=18.86
[INFO] step=680 epoch=0 679/710 mem: 6.40/47.54G lr: [1e-05, 1e-05, 0.0001, 0.0001] loss: 2.837117 loss_rgb=2.600815 loss_feat=0.000000 loss_ce_cosine=0.000000 loss_boundary_rgb=0.000000 loss_instance_group=1.311614 loss_instance_contrastive=0.000000 loss_semantic_lifting=0.000000 semantic_adapter_grad_norm=0.000000 token_adapter_grad_norm=0.000000 prompt_adapter_grad_norm=0.000000 gaussian_feature_head_grad_norm=0.000000 temperature_grad_norm=0.000000 tokengs_grad_norm=0.000000 temperature=14.285715 semantic_token_variance=0.002517 semantic_token_adjacent_cosine=0.359493 prototype_offdiag_cosine_mean=0.750000 prototype_offdiag_cosine_max=0.851562 ssim=0.672385 lpips=0.636719 psnr=18.8592 speed: 0.07 it/s
[abs-train] step=690 sample=scene0027_02:0 loss_rgb=2.6976 teacher_gs=0.1381 teacher_rgb=0.0027 teacher_eff=1.0000 inst=1.1725 inst_eff=0.0000 inst_w=0.050000 inst_unit_eff=0.0000 teacher_called=1 abs_grad=7786.21 abs_norm=16968.71 inst_grad=31.56 backbone_grad=0.00 teacher_grad=0.00 sem_grad=0.00 gaussians_source=absolute_student old_gs_head_calls=0 psnr=18.70
[INFO] step=690 epoch=0 689/710 mem: 6.40/47.54G lr: [1e-05, 1e-05, 0.0001, 0.0001] loss: 2.897048 loss_rgb=2.697618 loss_feat=0.000000 loss_ce_cosine=0.000000 loss_boundary_rgb=0.000000 loss_instance_group=1.172478 loss_instance_contrastive=0.000000 loss_semantic_lifting=0.000000 semantic_adapter_grad_norm=0.000000 token_adapter_grad_norm=0.000000 prompt_adapter_grad_norm=0.000000 gaussian_feature_head_grad_norm=0.000000 temperature_grad_norm=0.000000 tokengs_grad_norm=0.000000 temperature=14.285715 semantic_token_variance=0.002437 semantic_token_adjacent_cosine=0.382304 prototype_offdiag_cosine_mean=0.722656 prototype_offdiag_cosine_max=0.832031 ssim=0.677546 lpips=0.570312 psnr=18.7005 speed: 0.08 it/s
[abs-train] step=700 sample=scene0053_00:0 loss_rgb=2.2092 teacher_gs=0.1659 teacher_rgb=0.0047 teacher_eff=1.0000 inst=0.9735 inst_eff=0.0000 inst_w=0.050000 inst_unit_eff=0.0000 teacher_called=1 abs_grad=21196.13 abs_norm=16968.66 inst_grad=20.72 backbone_grad=0.00 teacher_grad=0.00 sem_grad=0.00 gaussians_source=absolute_student old_gs_head_calls=0 psnr=19.57
[INFO] step=700 epoch=0 699/710 mem: 6.40/47.54G lr: [1e-05, 1e-05, 0.0001, 0.0001] loss: 2.428485 loss_rgb=2.209208 loss_feat=0.000000 loss_ce_cosine=0.000000 loss_boundary_rgb=0.000000 loss_instance_group=0.973457 loss_instance_contrastive=0.000000 loss_semantic_lifting=0.000000 semantic_adapter_grad_norm=0.000000 token_adapter_grad_norm=0.000000 prompt_adapter_grad_norm=0.000000 gaussian_feature_head_grad_norm=0.000000 temperature_grad_norm=0.000000 tokengs_grad_norm=0.000000 temperature=14.285715 semantic_token_variance=0.002502 semantic_token_adjacent_cosine=0.364784 prototype_offdiag_cosine_mean=0.714844 prototype_offdiag_cosine_max=0.832031 ssim=0.712326 lpips=0.593750 psnr=19.5679 speed: 0.09 it/s
[abs-train] step=710 sample=scene0451_05:0 loss_rgb=3.7430 teacher_gs=0.1375 teacher_rgb=0.0042 teacher_eff=1.0000 inst=1.3346 inst_eff=0.0000 inst_w=0.050000 inst_unit_eff=0.0000 teacher_called=1 abs_grad=26790.95 abs_norm=16968.59 inst_grad=31.06 backbone_grad=0.00 teacher_grad=0.00 sem_grad=0.00 gaussians_source=absolute_student old_gs_head_calls=0 psnr=17.28
[INFO] step=710 epoch=0 709/710 mem: 6.40/47.54G lr: [1e-05, 1e-05, 0.0001, 0.0001] loss: 3.951469 loss_rgb=3.742990 loss_feat=0.000000 loss_ce_cosine=0.000000 loss_boundary_rgb=0.000000 loss_instance_group=1.334574 loss_instance_contrastive=0.000000 loss_semantic_lifting=0.000000 semantic_adapter_grad_norm=0.000000 token_adapter_grad_norm=0.000000 prompt_adapter_grad_norm=0.000000 gaussian_feature_head_grad_norm=0.000000 temperature_grad_norm=0.000000 tokengs_grad_norm=0.000000 temperature=14.285715 semantic_token_variance=0.002614 semantic_token_adjacent_cosine=0.336202 prototype_offdiag_cosine_mean=0.644531 prototype_offdiag_cosine_max=0.851562 ssim=0.615363 lpips=0.644531 psnr=17.2781 speed: 0.11 it/s
[train] epoch: 0 loss: 2.749294 psnr: 19.5210
[abs-recon-epoch] epoch=0 samples_this_epoch=710 cumulative_step=710
[eval] epoch: 0 psnr: 18.8733 (count=3)
[prompt-checkpoint] step=710 path=/datapool/mawb/tokengs/workspace/semantic_v6_absolute_units_true_shared_head_only_m0_ddp8/checkpoints/model_step_000710.safetensors
[prompt-best] step=710 selection_metric=psnr selection_psnr=18.8733 path=/datapool/mawb/tokengs/workspace/semantic_v6_absolute_units_true_shared_head_only_m0_ddp8/model_best.safetensors
[INFO] Setting RNG epoch to 1
[abs-train] step=720 sample=scene0194_00:0 loss_rgb=0.9255 teacher_gs=0.1758 teacher_rgb=0.0008 teacher_eff=1.0000 inst=1.3489 inst_eff=0.0000 inst_w=0.050000 inst_unit_eff=0.0000 teacher_called=1 abs_grad=8683.52 abs_norm=16968.54 inst_grad=28.74 backbone_grad=0.00 teacher_grad=0.00 sem_grad=0.00 gaussians_source=absolute_student old_gs_head_calls=0 psnr=23.35
[INFO] step=720 epoch=1 9/710 mem: 5.80/47.54G lr: [1e-05, 1e-05, 0.0001, 0.0001] loss: 1.169556 loss_rgb=0.925542 loss_feat=0.000000 loss_ce_cosine=0.000000 loss_boundary_rgb=0.000000 loss_instance_group=1.348942 loss_instance_contrastive=0.000000 loss_semantic_lifting=0.000000 semantic_adapter_grad_norm=0.000000 token_adapter_grad_norm=0.000000 prompt_adapter_grad_norm=0.000000 gaussian_feature_head_grad_norm=0.000000 temperature_grad_norm=0.000000 tokengs_grad_norm=0.000000 temperature=14.285715 semantic_token_variance=0.002251 semantic_token_adjacent_cosine=0.428861 prototype_offdiag_cosine_mean=0.730469 prototype_offdiag_cosine_max=0.832031 ssim=0.649132 lpips=0.578125 psnr=23.3463 speed: 0.08 it/s
[abs-train] step=730 sample=scene0423_00:0 loss_rgb=3.3132 teacher_gs=0.1799 teacher_rgb=0.0052 teacher_eff=1.0000 inst=1.3698 inst_eff=0.0000 inst_w=0.050000 inst_unit_eff=0.0000 teacher_called=1 abs_grad=31650.21 abs_norm=16968.58 inst_grad=20.43 backbone_grad=0.00 teacher_grad=0.00 sem_grad=0.00 gaussians_source=absolute_student old_gs_head_calls=0 psnr=17.81
[INFO] step=730 epoch=1 19/710 mem: 5.80/47.54G lr: [1e-05, 1e-05, 0.0001, 0.0001] loss: 3.566841 loss_rgb=3.313165 loss_feat=0.000000 loss_ce_cosine=0.000000 loss_boundary_rgb=0.000000 loss_instance_group=1.369774 loss_instance_contrastive=0.000000 loss_semantic_lifting=0.000000 semantic_adapter_grad_norm=0.000000 token_adapter_grad_norm=0.000000 prompt_adapter_grad_norm=0.000000 gaussian_feature_head_grad_norm=0.000000 temperature_grad_norm=0.000000 tokengs_grad_norm=0.000000 temperature=14.285715 semantic_token_variance=0.002404 semantic_token_adjacent_cosine=0.390510 prototype_offdiag_cosine_mean=0.691406 prototype_offdiag_cosine_max=0.851562 ssim=0.636090 lpips=0.613281 psnr=17.8079 speed: 0.07 it/s
[abs-train] step=740 sample=scene0054_00:0 loss_rgb=3.6941 teacher_gs=0.1975 teacher_rgb=0.0047 teacher_eff=1.0000 inst=1.1205 inst_eff=0.0000 inst_w=0.050000 inst_unit_eff=0.0000 teacher_called=1 abs_grad=26675.02 abs_norm=16968.51 inst_grad=17.60 backbone_grad=0.00 teacher_grad=0.00 sem_grad=0.00 gaussians_source=absolute_student old_gs_head_calls=0 psnr=17.34
[INFO] step=740 epoch=1 29/710 mem: 5.80/47.54G lr: [1e-05, 1e-05, 0.0001, 0.0001] loss: 3.952252 loss_rgb=3.694095 loss_feat=0.000000 loss_ce_cosine=0.000000 loss_boundary_rgb=0.000000 loss_instance_group=1.120466 loss_instance_contrastive=0.000000 loss_semantic_lifting=0.000000 semantic_adapter_grad_norm=0.000000 token_adapter_grad_norm=0.000000 prompt_adapter_grad_norm=0.000000 gaussian_feature_head_grad_norm=0.000000 temperature_grad_norm=0.000000 tokengs_grad_norm=0.000000 temperature=14.285715 semantic_token_variance=0.002327 semantic_token_adjacent_cosine=0.407678 prototype_offdiag_cosine_mean=0.652344 prototype_offdiag_cosine_max=0.832031 ssim=0.641138 lpips=0.644531 psnr=17.3352 speed: 0.07 it/s
[abs-train] step=750 sample=scene0164_03:0 loss_rgb=3.6191 teacher_gs=0.1597 teacher_rgb=0.0038 teacher_eff=1.0000 inst=1.1870 inst_eff=0.0000 inst_w=0.050000 inst_unit_eff=0.0000 teacher_called=1 abs_grad=22288.62 abs_norm=16968.49 inst_grad=24.84 backbone_grad=0.00 teacher_grad=0.00 sem_grad=0.00 gaussians_source=absolute_student old_gs_head_calls=0 psnr=17.42
[INFO] step=750 epoch=1 39/710 mem: 5.80/47.54G lr: [1e-05, 1e-05, 0.0001, 0.0001] loss: 3.841969 loss_rgb=3.619092 loss_feat=0.000000 loss_ce_cosine=0.000000 loss_boundary_rgb=0.000000 loss_instance_group=1.186977 loss_instance_contrastive=0.000000 loss_semantic_lifting=0.000000 semantic_adapter_grad_norm=0.000000 token_adapter_grad_norm=0.000000 prompt_adapter_grad_norm=0.000000 gaussian_feature_head_grad_norm=0.000000 temperature_grad_norm=0.000000 tokengs_grad_norm=0.000000 temperature=14.285715 semantic_token_variance=0.002331 semantic_token_adjacent_cosine=0.408378 prototype_offdiag_cosine_mean=0.746094 prototype_offdiag_cosine_max=0.851562 ssim=0.568406 lpips=0.636719 psnr=17.4243 speed: 0.08 it/s
[abs-ckpt] saved intra-epoch head checkpoint step=750
[abs-train] step=760 sample=scene0301_01:0 loss_rgb=2.1864 teacher_gs=0.1598 teacher_rgb=0.0023 teacher_eff=1.0000 inst=1.1709 inst_eff=0.0000 inst_w=0.050000 inst_unit_eff=0.0000 teacher_called=1 abs_grad=20548.08 abs_norm=16968.49 inst_grad=28.88 backbone_grad=0.00 teacher_grad=0.00 sem_grad=0.00 gaussians_source=absolute_student old_gs_head_calls=0 psnr=19.61
[INFO] step=760 epoch=1 49/710 mem: 5.80/47.54G lr: [1e-05, 1e-05, 0.0001, 0.0001] loss: 2.407088 loss_rgb=2.186407 loss_feat=0.000000 loss_ce_cosine=0.000000 loss_boundary_rgb=0.000000 loss_instance_group=1.170874 loss_instance_contrastive=0.000000 loss_semantic_lifting=0.000000 semantic_adapter_grad_norm=0.000000 token_adapter_grad_norm=0.000000 prompt_adapter_grad_norm=0.000000 gaussian_feature_head_grad_norm=0.000000 temperature_grad_norm=0.000000 tokengs_grad_norm=0.000000 temperature=14.285715 semantic_token_variance=0.002411 semantic_token_adjacent_cosine=0.388136 prototype_offdiag_cosine_mean=0.750000 prototype_offdiag_cosine_max=0.851562 ssim=0.549879 lpips=0.625000 psnr=19.6130 speed: 0.07 it/s
[abs-train] step=770 sample=scene0274_02:0 loss_rgb=2.7764 teacher_gs=0.1574 teacher_rgb=0.0051 teacher_eff=1.0000 inst=1.2108 inst_eff=0.0000 inst_w=0.050000 inst_unit_eff=0.0000 teacher_called=1 abs_grad=27990.90 abs_norm=16968.43 inst_grad=26.14 backbone_grad=0.00 teacher_grad=0.00 sem_grad=0.00 gaussians_source=absolute_student old_gs_head_calls=0 psnr=18.58
[INFO] step=770 epoch=1 59/710 mem: 5.80/47.54G lr: [1e-05, 1e-05, 0.0001, 0.0001] loss: 2.999505 loss_rgb=2.776427 loss_feat=0.000000 loss_ce_cosine=0.000000 loss_boundary_rgb=0.000000 loss_instance_group=1.210782 loss_instance_contrastive=0.000000 loss_semantic_lifting=0.000000 semantic_adapter_grad_norm=0.000000 token_adapter_grad_norm=0.000000 prompt_adapter_grad_norm=0.000000 gaussian_feature_head_grad_norm=0.000000 temperature_grad_norm=0.000000 tokengs_grad_norm=0.000000 temperature=14.285715 semantic_token_variance=0.002251 semantic_token_adjacent_cosine=0.427244 prototype_offdiag_cosine_mean=0.750000 prototype_offdiag_cosine_max=0.851562 ssim=0.593731 lpips=0.628906 psnr=18.5754 speed: 0.07 it/s
[abs-train] step=780 sample=scene0207_01:0 loss_rgb=2.6684 teacher_gs=0.1626 teacher_rgb=0.0036 teacher_eff=1.0000 inst=1.2370 inst_eff=0.0000 inst_w=0.050000 inst_unit_eff=0.0000 teacher_called=1 abs_grad=16292.21 abs_norm=16968.41 inst_grad=20.12 backbone_grad=0.00 teacher_grad=0.00 sem_grad=0.00 gaussians_source=absolute_student old_gs_head_calls=0 psnr=18.75
[INFO] step=780 epoch=1 69/710 mem: 5.80/47.54G lr: [1e-05, 1e-05, 0.0001, 0.0001] loss: 2.896434 loss_rgb=2.668383 loss_feat=0.000000 loss_ce_cosine=0.000000 loss_boundary_rgb=0.000000 loss_instance_group=1.237007 loss_instance_contrastive=0.000000 loss_semantic_lifting=0.000000 semantic_adapter_grad_norm=0.000000 token_adapter_grad_norm=0.000000 prompt_adapter_grad_norm=0.000000 gaussian_feature_head_grad_norm=0.000000 temperature_grad_norm=0.000000 tokengs_grad_norm=0.000000 temperature=14.285715 semantic_token_variance=0.002482 semantic_token_adjacent_cosine=0.369437 prototype_offdiag_cosine_mean=0.734375 prototype_offdiag_cosine_max=0.851562 ssim=0.631686 lpips=0.652344 psnr=18.7478 speed: 0.08 it/s
[abs-train] step=790 sample=scene0232_01:0 loss_rgb=2.8103 teacher_gs=0.1736 teacher_rgb=0.0047 teacher_eff=1.0000 inst=1.1357 inst_eff=0.0000 inst_w=0.050000 inst_unit_eff=0.0000 teacher_called=1 abs_grad=12662.03 abs_norm=16968.45 inst_grad=22.60 backbone_grad=0.00 teacher_grad=0.00 sem_grad=0.00 gaussians_source=absolute_student old_gs_head_calls=0 psnr=18.52
[INFO] step=790 epoch=1 79/710 mem: 5.84/47.54G lr: [1e-05, 1e-05, 0.0001, 0.0001] loss: 3.045390 loss_rgb=2.810329 loss_feat=0.000000 loss_ce_cosine=0.000000 loss_boundary_rgb=0.000000 loss_instance_group=1.135743 loss_instance_contrastive=0.000000 loss_semantic_lifting=0.000000 semantic_adapter_grad_norm=0.000000 token_adapter_grad_norm=0.000000 prompt_adapter_grad_norm=0.000000 gaussian_feature_head_grad_norm=0.000000 temperature_grad_norm=0.000000 tokengs_grad_norm=0.000000 temperature=14.285715 semantic_token_variance=0.002414 semantic_token_adjacent_cosine=0.388706 prototype_offdiag_cosine_mean=0.667969 prototype_offdiag_cosine_max=0.851562 ssim=0.679822 lpips=0.597656 psnr=18.5227 speed: 0.07 it/s
[abs-train] step=800 sample=scene0009_00:0 loss_rgb=1.7870 teacher_gs=0.1455 teacher_rgb=0.0025 teacher_eff=1.0000 inst=1.1985 inst_eff=0.0000 inst_w=0.050000 inst_unit_eff=0.0000 teacher_called=1 abs_grad=16950.16 abs_norm=16968.52 inst_grad=34.01 backbone_grad=0.00 teacher_grad=0.00 sem_grad=0.00 gaussians_source=absolute_student old_gs_head_calls=0 psnr=20.49
[INFO] step=800 epoch=1 89/710 mem: 5.84/47.54G lr: [1e-05, 1e-05, 0.0001, 0.0001] loss: 1.994889 loss_rgb=1.787002 loss_feat=0.000000 loss_ce_cosine=0.000000 loss_boundary_rgb=0.000000 loss_instance_group=1.198542 loss_instance_contrastive=0.000000 loss_semantic_lifting=0.000000 semantic_adapter_grad_norm=0.000000 token_adapter_grad_norm=0.000000 prompt_adapter_grad_norm=0.000000 gaussian_feature_head_grad_norm=0.000000 temperature_grad_norm=0.000000 tokengs_grad_norm=0.000000 temperature=14.285715 semantic_token_variance=0.002533 semantic_token_adjacent_cosine=0.357799 prototype_offdiag_cosine_mean=0.656250 prototype_offdiag_cosine_max=0.851562 ssim=0.687906 lpips=0.640625 psnr=20.4891 speed: 0.08 it/s
[abs-train] step=810 sample=scene0223_01:0 loss_rgb=3.1287 teacher_gs=0.1586 teacher_rgb=0.0032 teacher_eff=1.0000 inst=1.2373 inst_eff=0.0000 inst_w=0.050000 inst_unit_eff=0.0000 teacher_called=1 abs_grad=17578.58 abs_norm=16968.51 inst_grad=33.75 backbone_grad=0.00 teacher_grad=0.00 sem_grad=0.00 gaussians_source=absolute_student old_gs_head_calls=0 psnr=18.06
[INFO] step=810 epoch=1 99/710 mem: 5.84/47.54G lr: [1e-05, 1e-05, 0.0001, 0.0001] loss: 3.352315 loss_rgb=3.128670 loss_feat=0.000000 loss_ce_cosine=0.000000 loss_boundary_rgb=0.000000 loss_instance_group=1.237342 loss_instance_contrastive=0.000000 loss_semantic_lifting=0.000000 semantic_adapter_grad_norm=0.000000 token_adapter_grad_norm=0.000000 prompt_adapter_grad_norm=0.000000 gaussian_feature_head_grad_norm=0.000000 temperature_grad_norm=0.000000 tokengs_grad_norm=0.000000 temperature=14.285715 semantic_token_variance=0.002471 semantic_token_adjacent_cosine=0.373727 prototype_offdiag_cosine_mean=0.609375 prototype_offdiag_cosine_max=0.851562 ssim=0.673909 lpips=0.648438 psnr=18.0567 speed: 0.09 it/s
[abs-train] step=820 sample=scene0618_00:0 loss_rgb=0.8693 teacher_gs=0.1419 teacher_rgb=0.0013 teacher_eff=1.0000 inst=1.1094 inst_eff=0.0000 inst_w=0.050000 inst_unit_eff=0.0000 teacher_called=1 abs_grad=18971.60 abs_norm=16968.51 inst_grad=23.40 backbone_grad=0.00 teacher_grad=0.00 sem_grad=0.00 gaussians_source=absolute_student old_gs_head_calls=0 psnr=23.62
[INFO] step=820 epoch=1 109/710 mem: 5.84/47.54G lr: [1e-05, 1e-05, 0.0001, 0.0001] loss: 1.067999 loss_rgb=0.869281 loss_feat=0.000000 loss_ce_cosine=0.000000 loss_boundary_rgb=0.000000 loss_instance_group=1.109443 loss_instance_contrastive=0.000000 loss_semantic_lifting=0.000000 semantic_adapter_grad_norm=0.000000 token_adapter_grad_norm=0.000000 prompt_adapter_grad_norm=0.000000 gaussian_feature_head_grad_norm=0.000000 temperature_grad_norm=0.000000 tokengs_grad_norm=0.000000 temperature=14.285715 semantic_token_variance=0.002477 semantic_token_adjacent_cosine=0.371976 prototype_offdiag_cosine_mean=0.656250 prototype_offdiag_cosine_max=0.851562 ssim=0.793323 lpips=0.593750 psnr=23.6187 speed: 0.07 it/s
[abs-train] step=830 sample=scene0620_01:0 loss_rgb=3.3920 teacher_gs=0.1547 teacher_rgb=0.0039 teacher_eff=1.0000 inst=1.1970 inst_eff=0.0000 inst_w=0.050000 inst_unit_eff=0.0000 teacher_called=1 abs_grad=31922.63 abs_norm=16968.53 inst_grad=28.03 backbone_grad=0.00 teacher_grad=0.00 sem_grad=0.00 gaussians_source=absolute_student old_gs_head_calls=0 psnr=17.71
[INFO] step=830 epoch=1 119/710 mem: 5.84/47.54G lr: [1e-05, 1e-05, 0.0001, 0.0001] loss: 3.610551 loss_rgb=3.392009 loss_feat=0.000000 loss_ce_cosine=0.000000 loss_boundary_rgb=0.000000 loss_instance_group=1.196972 loss_instance_contrastive=0.000000 loss_semantic_lifting=0.000000 semantic_adapter_grad_norm=0.000000 token_adapter_grad_norm=0.000000 prompt_adapter_grad_norm=0.000000 gaussian_feature_head_grad_norm=0.000000 temperature_grad_norm=0.000000 tokengs_grad_norm=0.000000 temperature=14.285715 semantic_token_variance=0.002578 semantic_token_adjacent_cosine=0.343489 prototype_offdiag_cosine_mean=0.750000 prototype_offdiag_cosine_max=0.851562 ssim=0.681187 lpips=0.636719 psnr=17.7057 speed: 0.11 it/s
[abs-train] step=840 sample=scene0061_00:0 loss_rgb=2.7289 teacher_gs=0.1606 teacher_rgb=0.0067 teacher_eff=1.0000 inst=1.1364 inst_eff=0.0000 inst_w=0.050000 inst_unit_eff=0.0000 teacher_called=1 abs_grad=19063.70 abs_norm=16968.51 inst_grad=35.98 backbone_grad=0.00 teacher_grad=0.00 sem_grad=0.00 gaussians_source=absolute_student old_gs_head_calls=0 psnr=18.65
[INFO] step=840 epoch=1 129/710 mem: 5.84/47.54G lr: [1e-05, 1e-05, 0.0001, 0.0001] loss: 2.952996 loss_rgb=2.728851 loss_feat=0.000000 loss_ce_cosine=0.000000 loss_boundary_rgb=0.000000 loss_instance_group=1.136441 loss_instance_contrastive=0.000000 loss_semantic_lifting=0.000000 semantic_adapter_grad_norm=0.000000 token_adapter_grad_norm=0.000000 prompt_adapter_grad_norm=0.000000 gaussian_feature_head_grad_norm=0.000000 temperature_grad_norm=0.000000 tokengs_grad_norm=0.000000 temperature=14.285715 semantic_token_variance=0.002439 semantic_token_adjacent_cosine=0.381761 prototype_offdiag_cosine_mean=0.609375 prototype_offdiag_cosine_max=0.851562 ssim=0.684690 lpips=0.593750 psnr=18.6505 speed: 0.08 it/s
[abs-train] step=850 sample=scene0111_01:0 loss_rgb=0.9152 teacher_gs=0.1638 teacher_rgb=0.0015 teacher_eff=1.0000 inst=1.2597 inst_eff=0.0000 inst_w=0.050000 inst_unit_eff=0.0000 teacher_called=1 abs_grad=10474.32 abs_norm=16968.52 inst_grad=34.16 backbone_grad=0.00 teacher_grad=0.00 sem_grad=0.00 gaussians_source=absolute_student old_gs_head_calls=0 psnr=23.40
[INFO] step=850 epoch=1 139/710 mem: 5.84/47.54G lr: [1e-05, 1e-05, 0.0001, 0.0001] loss: 1.143559 loss_rgb=0.915222 loss_feat=0.000000 loss_ce_cosine=0.000000 loss_boundary_rgb=0.000000 loss_instance_group=1.259676 loss_instance_contrastive=0.000000 loss_semantic_lifting=0.000000 semantic_adapter_grad_norm=0.000000 token_adapter_grad_norm=0.000000 prompt_adapter_grad_norm=0.000000 gaussian_feature_head_grad_norm=0.000000 temperature_grad_norm=0.000000 tokengs_grad_norm=0.000000 temperature=14.285715 semantic_token_variance=0.002381 semantic_token_adjacent_cosine=0.397627 prototype_offdiag_cosine_mean=0.750000 prototype_offdiag_cosine_max=0.851562 ssim=0.721057 lpips=0.625000 psnr=23.3950 speed: 0.09 it/s
[abs-train] step=860 sample=scene0106_00:0 loss_rgb=2.7657 teacher_gs=0.1466 teacher_rgb=0.0022 teacher_eff=1.0000 inst=1.1189 inst_eff=0.0000 inst_w=0.050000 inst_unit_eff=0.0000 teacher_called=1 abs_grad=14413.48 abs_norm=16968.56 inst_grad=28.47 backbone_grad=0.00 teacher_grad=0.00 sem_grad=0.00 gaussians_source=absolute_student old_gs_head_calls=0 psnr=18.59
[INFO] step=860 epoch=1 149/710 mem: 5.84/47.54G lr: [1e-05, 1e-05, 0.0001, 0.0001] loss: 2.970500 loss_rgb=2.765714 loss_feat=0.000000 loss_ce_cosine=0.000000 loss_boundary_rgb=0.000000 loss_instance_group=1.118942 loss_instance_contrastive=0.000000 loss_semantic_lifting=0.000000 semantic_adapter_grad_norm=0.000000 token_adapter_grad_norm=0.000000 prompt_adapter_grad_norm=0.000000 gaussian_feature_head_grad_norm=0.000000 temperature_grad_norm=0.000000 tokengs_grad_norm=0.000000 temperature=14.285715 semantic_token_variance=0.002592 semantic_token_adjacent_cosine=0.341795 prototype_offdiag_cosine_mean=0.613281 prototype_offdiag_cosine_max=0.851562 ssim=0.710061 lpips=0.566406 psnr=18.5922 speed: 0.09 it/s
[abs-train] step=870 sample=scene0375_02:0 loss_rgb=3.1815 teacher_gs=0.1726 teacher_rgb=0.0027 teacher_eff=1.0000 inst=1.3157 inst_eff=0.0000 inst_w=0.050000 inst_unit_eff=0.0000 teacher_called=1 abs_grad=23761.37 abs_norm=16968.56 inst_grad=19.00 backbone_grad=0.00 teacher_grad=0.00 sem_grad=0.00 gaussians_source=absolute_student old_gs_head_calls=0 psnr=17.98
[INFO] step=870 epoch=1 159/710 mem: 5.84/47.54G lr: [1e-05, 1e-05, 0.0001, 0.0001] loss: 3.422523 loss_rgb=3.181466 loss_feat=0.000000 loss_ce_cosine=0.000000 loss_boundary_rgb=0.000000 loss_instance_group=1.315676 loss_instance_contrastive=0.000000 loss_semantic_lifting=0.000000 semantic_adapter_grad_norm=0.000000 token_adapter_grad_norm=0.000000 prompt_adapter_grad_norm=0.000000 gaussian_feature_head_grad_norm=0.000000 temperature_grad_norm=0.000000 tokengs_grad_norm=0.000000 temperature=14.285715 semantic_token_variance=0.002369 semantic_token_adjacent_cosine=0.396349 prototype_offdiag_cosine_mean=0.648438 prototype_offdiag_cosine_max=0.851562 ssim=0.698805 lpips=0.574219 psnr=17.9840 speed: 0.10 it/s
[abs-ckpt] saved intra-epoch head checkpoint step=875
[abs-train] step=880 sample=scene0580_00:0 loss_rgb=2.7333 teacher_gs=0.1467 teacher_rgb=0.0028 teacher_eff=1.0000 inst=1.2708 inst_eff=0.0000 inst_w=0.050000 inst_unit_eff=0.0000 teacher_called=1 abs_grad=13757.49 abs_norm=16968.59 inst_grad=22.11 backbone_grad=0.00 teacher_grad=0.00 sem_grad=0.00 gaussians_source=absolute_student old_gs_head_calls=0 psnr=18.64
[INFO] step=880 epoch=1 169/710 mem: 5.84/47.54G lr: [1e-05, 1e-05, 0.0001, 0.0001] loss: 2.946280 loss_rgb=2.733313 loss_feat=0.000000 loss_ce_cosine=0.000000 loss_boundary_rgb=0.000000 loss_instance_group=1.270849 loss_instance_contrastive=0.000000 loss_semantic_lifting=0.000000 semantic_adapter_grad_norm=0.000000 token_adapter_grad_norm=0.000000 prompt_adapter_grad_norm=0.000000 gaussian_feature_head_grad_norm=0.000000 temperature_grad_norm=0.000000 tokengs_grad_norm=0.000000 temperature=14.285715 semantic_token_variance=0.002461 semantic_token_adjacent_cosine=0.374644 prototype_offdiag_cosine_mean=0.742188 prototype_offdiag_cosine_max=0.851562 ssim=0.452570 lpips=0.656250 psnr=18.6434 speed: 0.09 it/s
[abs-train] step=890 sample=scene0054_00:0 loss_rgb=3.1397 teacher_gs=0.1968 teacher_rgb=0.0055 teacher_eff=1.0000 inst=1.1572 inst_eff=0.0000 inst_w=0.050000 inst_unit_eff=0.0000 teacher_called=1 abs_grad=14513.35 abs_norm=16968.53 inst_grad=17.90 backbone_grad=0.00 teacher_grad=0.00 sem_grad=0.00 gaussians_source=absolute_student old_gs_head_calls=0 psnr=18.04
[INFO] step=890 epoch=1 179/710 mem: 5.84/47.54G lr: [1e-05, 1e-05, 0.0001, 0.0001] loss: 3.399780 loss_rgb=3.139657 loss_feat=0.000000 loss_ce_cosine=0.000000 loss_boundary_rgb=0.000000 loss_instance_group=1.157191 loss_instance_contrastive=0.000000 loss_semantic_lifting=0.000000 semantic_adapter_grad_norm=0.000000 token_adapter_grad_norm=0.000000 prompt_adapter_grad_norm=0.000000 gaussian_feature_head_grad_norm=0.000000 temperature_grad_norm=0.000000 tokengs_grad_norm=0.000000 temperature=14.285715 semantic_token_variance=0.002327 semantic_token_adjacent_cosine=0.407678 prototype_offdiag_cosine_mean=0.750000 prototype_offdiag_cosine_max=0.851562 ssim=0.646340 lpips=0.644531 psnr=18.0415 speed: 0.10 it/s
[abs-train] step=900 sample=scene0012_01:0 loss_rgb=1.0220 teacher_gs=0.1150 teacher_rgb=0.0020 teacher_eff=1.0000 inst=1.2013 inst_eff=0.0000 inst_w=0.050000 inst_unit_eff=0.0000 teacher_called=1 abs_grad=18991.38 abs_norm=16968.45 inst_grad=23.01 backbone_grad=0.00 teacher_grad=0.00 sem_grad=0.00 gaussians_source=absolute_student old_gs_head_calls=0 psnr=22.92
[INFO] step=900 epoch=1 189/710 mem: 5.84/47.54G lr: [1e-05, 1e-05, 0.0001, 0.0001] loss: 1.199104 loss_rgb=1.022001 loss_feat=0.000000 loss_ce_cosine=0.000000 loss_boundary_rgb=0.000000 loss_instance_group=1.201331 loss_instance_contrastive=0.000000 loss_semantic_lifting=0.000000 semantic_adapter_grad_norm=0.000000 token_adapter_grad_norm=0.000000 prompt_adapter_grad_norm=0.000000 gaussian_feature_head_grad_norm=0.000000 temperature_grad_norm=0.000000 tokengs_grad_norm=0.000000 temperature=14.285715 semantic_token_variance=0.002681 semantic_token_adjacent_cosine=0.320537 prototype_offdiag_cosine_mean=0.601562 prototype_offdiag_cosine_max=0.851562 ssim=0.665357 lpips=0.585938 psnr=22.9158 speed: 0.07 it/s
[abs-train] step=910 sample=scene0166_02:0 loss_rgb=3.0799 teacher_gs=0.1853 teacher_rgb=0.0034 teacher_eff=1.0000 inst=1.1769 inst_eff=0.0000 inst_w=0.050000 inst_unit_eff=0.0000 teacher_called=1 abs_grad=23191.99 abs_norm=16968.45 inst_grad=21.38 backbone_grad=0.00 teacher_grad=0.00 sem_grad=0.00 gaussians_source=absolute_student old_gs_head_calls=0 psnr=18.12
[INFO] step=910 epoch=1 199/710 mem: 5.84/47.54G lr: [1e-05, 1e-05, 0.0001, 0.0001] loss: 3.327475 loss_rgb=3.079895 loss_feat=0.000000 loss_ce_cosine=0.000000 loss_boundary_rgb=0.000000 loss_instance_group=1.176886 loss_instance_contrastive=0.000000 loss_semantic_lifting=0.000000 semantic_adapter_grad_norm=0.000000 token_adapter_grad_norm=0.000000 prompt_adapter_grad_norm=0.000000 gaussian_feature_head_grad_norm=0.000000 temperature_grad_norm=0.000000 tokengs_grad_norm=0.000000 temperature=14.285715 semantic_token_variance=0.002397 semantic_token_adjacent_cosine=0.390111 prototype_offdiag_cosine_mean=0.636719 prototype_offdiag_cosine_max=0.851562 ssim=0.642026 lpips=0.628906 psnr=18.1249 speed: 0.08 it/s
[abs-train] step=920 sample=scene0217_00:0 loss_rgb=2.4518 teacher_gs=0.1429 teacher_rgb=0.0017 teacher_eff=1.0000 inst=1.0768 inst_eff=0.0000 inst_w=0.050000 inst_unit_eff=0.0000 teacher_called=1 abs_grad=10057.31 abs_norm=16968.42 inst_grad=26.59 backbone_grad=0.00 teacher_grad=0.00 sem_grad=0.00 gaussians_source=absolute_student old_gs_head_calls=0 psnr=19.12
[INFO] step=920 epoch=1 209/710 mem: 5.84/47.54G lr: [1e-05, 1e-05, 0.0001, 0.0001] loss: 2.650273 loss_rgb=2.451786 loss_feat=0.000000 loss_ce_cosine=0.000000 loss_boundary_rgb=0.000000 loss_instance_group=1.076830 loss_instance_contrastive=0.000000 loss_semantic_lifting=0.000000 semantic_adapter_grad_norm=0.000000 token_adapter_grad_norm=0.000000 prompt_adapter_grad_norm=0.000000 gaussian_feature_head_grad_norm=0.000000 temperature_grad_norm=0.000000 tokengs_grad_norm=0.000000 temperature=14.285715 semantic_token_variance=0.002482 semantic_token_adjacent_cosine=0.369993 prototype_offdiag_cosine_mean=0.750000 prototype_offdiag_cosine_max=0.851562 ssim=0.719378 lpips=0.601562 psnr=19.1155 speed: 0.10 it/s
[abs-train] step=930 sample=scene0586_02:0 loss_rgb=1.3554 teacher_gs=0.1499 teacher_rgb=0.0017 teacher_eff=1.0000 inst=1.2508 inst_eff=0.0000 inst_w=0.050000 inst_unit_eff=0.0000 teacher_called=1 abs_grad=17286.61 abs_norm=16968.38 inst_grad=25.24 backbone_grad=0.00 teacher_grad=0.00 sem_grad=0.00 gaussians_source=absolute_student old_gs_head_calls=0 psnr=21.69
[INFO] step=930 epoch=1 219/710 mem: 5.84/47.54G lr: [1e-05, 1e-05, 0.0001, 0.0001] loss: 1.569569 loss_rgb=1.355390 loss_feat=0.000000 loss_ce_cosine=0.000000 loss_boundary_rgb=0.000000 loss_instance_group=1.250838 loss_instance_contrastive=0.000000 loss_semantic_lifting=0.000000 semantic_adapter_grad_norm=0.000000 token_adapter_grad_norm=0.000000 prompt_adapter_grad_norm=0.000000 gaussian_feature_head_grad_norm=0.000000 temperature_grad_norm=0.000000 tokengs_grad_norm=0.000000 temperature=14.285715 semantic_token_variance=0.002425 semantic_token_adjacent_cosine=0.381304 prototype_offdiag_cosine_mean=0.625000 prototype_offdiag_cosine_max=0.851562 ssim=0.734699 lpips=0.585938 psnr=21.6897 speed: 0.10 it/s
[abs-train] step=940 sample=scene0280_02:0 loss_rgb=1.9170 teacher_gs=0.1629 teacher_rgb=0.0026 teacher_eff=1.0000 inst=1.1514 inst_eff=0.0000 inst_w=0.050000 inst_unit_eff=0.0000 teacher_called=1 abs_grad=21327.04 abs_norm=16968.43 inst_grad=21.24 backbone_grad=0.00 teacher_grad=0.00 sem_grad=0.00 gaussians_source=absolute_student old_gs_head_calls=0 psnr=20.18
[INFO] step=940 epoch=1 229/710 mem: 5.84/47.54G lr: [1e-05, 1e-05, 0.0001, 0.0001] loss: 2.140126 loss_rgb=1.916998 loss_feat=0.000000 loss_ce_cosine=0.000000 loss_boundary_rgb=0.000000 loss_instance_group=1.151416 loss_instance_contrastive=0.000000 loss_semantic_lifting=0.000000 semantic_adapter_grad_norm=0.000000 token_adapter_grad_norm=0.000000 prompt_adapter_grad_norm=0.000000 gaussian_feature_head_grad_norm=0.000000 temperature_grad_norm=0.000000 tokengs_grad_norm=0.000000 temperature=14.285715 semantic_token_variance=0.002410 semantic_token_adjacent_cosine=0.390136 prototype_offdiag_cosine_mean=0.722656 prototype_offdiag_cosine_max=0.851562 ssim=0.702802 lpips=0.605469 psnr=20.1841 speed: 0.11 it/s
[abs-train] step=950 sample=scene0105_01:0 loss_rgb=3.6662 teacher_gs=0.1533 teacher_rgb=0.0037 teacher_eff=1.0000 inst=1.1477 inst_eff=0.0000 inst_w=0.050000 inst_unit_eff=0.0000 teacher_called=1 abs_grad=12764.31 abs_norm=16968.37 inst_grad=17.39 backbone_grad=0.00 teacher_grad=0.00 sem_grad=0.00 gaussians_source=absolute_student old_gs_head_calls=0 psnr=17.37
[INFO] step=950 epoch=1 239/710 mem: 5.84/47.54G lr: [1e-05, 1e-05, 0.0001, 0.0001] loss: 3.880546 loss_rgb=3.666229 loss_feat=0.000000 loss_ce_cosine=0.000000 loss_boundary_rgb=0.000000 loss_instance_group=1.147740 loss_instance_contrastive=0.000000 loss_semantic_lifting=0.000000 semantic_adapter_grad_norm=0.000000 token_adapter_grad_norm=0.000000 prompt_adapter_grad_norm=0.000000 gaussian_feature_head_grad_norm=0.000000 temperature_grad_norm=0.000000 tokengs_grad_norm=0.000000 temperature=14.285715 semantic_token_variance=0.002413 semantic_token_adjacent_cosine=0.387729 prototype_offdiag_cosine_mean=0.730469 prototype_offdiag_cosine_max=0.851562 ssim=0.618995 lpips=0.628906 psnr=17.3681 speed: 0.07 it/s
[abs-train] step=960 sample=scene0673_00:0 loss_rgb=1.1082 teacher_gs=0.1401 teacher_rgb=0.0018 teacher_eff=1.0000 inst=1.2526 inst_eff=0.0000 inst_w=0.050000 inst_unit_eff=0.0000 teacher_called=1 abs_grad=8893.72 abs_norm=16968.33 inst_grad=21.41 backbone_grad=0.00 teacher_grad=0.00 sem_grad=0.00 gaussians_source=absolute_student old_gs_head_calls=0 psnr=22.56
[INFO] step=960 epoch=1 249/710 mem: 5.84/47.54G lr: [1e-05, 1e-05, 0.0001, 0.0001] loss: 1.312778 loss_rgb=1.108228 loss_feat=0.000000 loss_ce_cosine=0.000000 loss_boundary_rgb=0.000000 loss_instance_group=1.252638 loss_instance_contrastive=0.000000 loss_semantic_lifting=0.000000 semantic_adapter_grad_norm=0.000000 token_adapter_grad_norm=0.000000 prompt_adapter_grad_norm=0.000000 gaussian_feature_head_grad_norm=0.000000 temperature_grad_norm=0.000000 tokengs_grad_norm=0.000000 temperature=14.285715 semantic_token_variance=0.002486 semantic_token_adjacent_cosine=0.369102 prototype_offdiag_cosine_mean=0.738281 prototype_offdiag_cosine_max=0.832031 ssim=0.681800 lpips=0.601562 psnr=22.5640 speed: 0.09 it/s
[abs-train] step=970 sample=scene0251_00:0 loss_rgb=2.8596 teacher_gs=0.1315 teacher_rgb=0.0027 teacher_eff=1.0000 inst=1.4477 inst_eff=0.0000 inst_w=0.050000 inst_unit_eff=0.0000 teacher_called=1 abs_grad=11564.36 abs_norm=16968.36 inst_grad=25.97 backbone_grad=0.00 teacher_grad=0.00 sem_grad=0.00 gaussians_source=absolute_student old_gs_head_calls=0 psnr=18.45
[INFO] step=970 epoch=1 259/710 mem: 5.84/47.54G lr: [1e-05, 1e-05, 0.0001, 0.0001] loss: 3.066254 loss_rgb=2.859644 loss_feat=0.000000 loss_ce_cosine=0.000000 loss_boundary_rgb=0.000000 loss_instance_group=1.447663 loss_instance_contrastive=0.000000 loss_semantic_lifting=0.000000 semantic_adapter_grad_norm=0.000000 token_adapter_grad_norm=0.000000 prompt_adapter_grad_norm=0.000000 gaussian_feature_head_grad_norm=0.000000 temperature_grad_norm=0.000000 tokengs_grad_norm=0.000000 temperature=14.285715 semantic_token_variance=0.002626 semantic_token_adjacent_cosine=0.329278 prototype_offdiag_cosine_mean=0.750000 prototype_offdiag_cosine_max=0.851562 ssim=0.675519 lpips=0.625000 psnr=18.4472 speed: 0.07 it/s
[abs-train] step=980 sample=scene0330_00:0 loss_rgb=3.0212 teacher_gs=0.1596 teacher_rgb=0.0031 teacher_eff=1.0000 inst=1.2840 inst_eff=0.0000 inst_w=0.050000 inst_unit_eff=0.0000 teacher_called=1 abs_grad=22194.74 abs_norm=16968.29 inst_grad=27.15 backbone_grad=0.00 teacher_grad=0.00 sem_grad=0.00 gaussians_source=absolute_student old_gs_head_calls=0 psnr=18.21
[INFO] step=980 epoch=1 269/710 mem: 5.84/47.54G lr: [1e-05, 1e-05, 0.0001, 0.0001] loss: 3.248108 loss_rgb=3.021237 loss_feat=0.000000 loss_ce_cosine=0.000000 loss_boundary_rgb=0.000000 loss_instance_group=1.284020 loss_instance_contrastive=0.000000 loss_semantic_lifting=0.000000 semantic_adapter_grad_norm=0.000000 token_adapter_grad_norm=0.000000 prompt_adapter_grad_norm=0.000000 gaussian_feature_head_grad_norm=0.000000 temperature_grad_norm=0.000000 tokengs_grad_norm=0.000000 temperature=14.285715 semantic_token_variance=0.002563 semantic_token_adjacent_cosine=0.353081 prototype_offdiag_cosine_mean=0.750000 prototype_offdiag_cosine_max=0.851562 ssim=0.563470 lpips=0.597656 psnr=18.2085 speed: 0.08 it/s
[abs-train] step=990 sample=scene0613_01:0 loss_rgb=2.4388 teacher_gs=0.1353 teacher_rgb=0.0041 teacher_eff=1.0000 inst=1.2997 inst_eff=0.0000 inst_w=0.050000 inst_unit_eff=0.0000 teacher_called=1 abs_grad=7236.90 abs_norm=16968.24 inst_grad=22.71 backbone_grad=0.00 teacher_grad=0.00 sem_grad=0.00 gaussians_source=absolute_student old_gs_head_calls=0 psnr=19.14
[INFO] step=990 epoch=1 279/710 mem: 5.84/47.54G lr: [1e-05, 1e-05, 0.0001, 0.0001] loss: 2.643167 loss_rgb=2.438767 loss_feat=0.000000 loss_ce_cosine=0.000000 loss_boundary_rgb=0.000000 loss_instance_group=1.299733 loss_instance_contrastive=0.000000 loss_semantic_lifting=0.000000 semantic_adapter_grad_norm=0.000000 token_adapter_grad_norm=0.000000 prompt_adapter_grad_norm=0.000000 gaussian_feature_head_grad_norm=0.000000 temperature_grad_norm=0.000000 tokengs_grad_norm=0.000000 temperature=14.285715 semantic_token_variance=0.002673 semantic_token_adjacent_cosine=0.325645 prototype_offdiag_cosine_mean=0.750000 prototype_offdiag_cosine_max=0.851562 ssim=0.526753 lpips=0.621094 psnr=19.1386 speed: 0.09 it/s
[abs-train] step=1000 sample=scene0301_02:0 loss_rgb=1.3203 teacher_gs=0.1443 teacher_rgb=0.0019 teacher_eff=1.0000 inst=1.2582 inst_eff=0.0000 inst_w=0.050000 inst_unit_eff=0.0000 teacher_called=1 abs_grad=10612.58 abs_norm=16968.23 inst_grad=24.31 backbone_grad=0.00 teacher_grad=0.00 sem_grad=0.00 gaussians_source=absolute_student old_gs_head_calls=0 psnr=21.80
[INFO] step=1000 epoch=1 289/710 mem: 5.84/47.54G lr: [1e-05, 1e-05, 0.0001, 0.0001] loss: 1.529473 loss_rgb=1.320334 loss_feat=0.000000 loss_ce_cosine=0.000000 loss_boundary_rgb=0.000000 loss_instance_group=1.258225 loss_instance_contrastive=0.000000 loss_semantic_lifting=0.000000 semantic_adapter_grad_norm=0.000000 token_adapter_grad_norm=0.000000 prompt_adapter_grad_norm=0.000000 gaussian_feature_head_grad_norm=0.000000 temperature_grad_norm=0.000000 tokengs_grad_norm=0.000000 temperature=14.285715 semantic_token_variance=0.002423 semantic_token_adjacent_cosine=0.385182 prototype_offdiag_cosine_mean=0.640625 prototype_offdiag_cosine_max=0.832031 ssim=0.598801 lpips=0.613281 psnr=21.8035 speed: 0.09 it/s
[abs-ckpt] saved intra-epoch head checkpoint step=1000
[abs-train] step=1010 sample=scene0046_02:0 loss_rgb=3.1514 teacher_gs=0.1547 teacher_rgb=0.0041 teacher_eff=1.0000 inst=1.3424 inst_eff=0.0000 inst_w=0.050000 inst_unit_eff=0.0000 teacher_called=1 abs_grad=35597.10 abs_norm=16968.21 inst_grad=19.55 backbone_grad=0.00 teacher_grad=0.00 sem_grad=0.00 gaussians_source=absolute_student old_gs_head_calls=0 psnr=18.03
[INFO] step=1010 epoch=1 299/710 mem: 5.84/47.54G lr: [1e-05, 1e-05, 0.0001, 0.0001] loss: 3.377288 loss_rgb=3.151376 loss_feat=0.000000 loss_ce_cosine=0.000000 loss_boundary_rgb=0.000000 loss_instance_group=1.342443 loss_instance_contrastive=0.000000 loss_semantic_lifting=0.000000 semantic_adapter_grad_norm=0.000000 token_adapter_grad_norm=0.000000 prompt_adapter_grad_norm=0.000000 gaussian_feature_head_grad_norm=0.000000 temperature_grad_norm=0.000000 tokengs_grad_norm=0.000000 temperature=14.285715 semantic_token_variance=0.002561 semantic_token_adjacent_cosine=0.349329 prototype_offdiag_cosine_mean=0.617188 prototype_offdiag_cosine_max=0.832031 ssim=0.614128 lpips=0.707031 psnr=18.0253 speed: 0.10 it/s
[abs-train] step=1020 sample=scene0193_00:0 loss_rgb=1.9931 teacher_gs=0.1530 teacher_rgb=0.0014 teacher_eff=1.0000 inst=1.1949 inst_eff=0.0000 inst_w=0.050000 inst_unit_eff=0.0000 teacher_called=1 abs_grad=12580.39 abs_norm=16968.17 inst_grad=24.78 backbone_grad=0.00 teacher_grad=0.00 sem_grad=0.00 gaussians_source=absolute_student old_gs_head_calls=0 psnr=20.01
[INFO] step=1020 epoch=1 309/710 mem: 5.84/47.54G lr: [1e-05, 1e-05, 0.0001, 0.0001] loss: 2.207315 loss_rgb=1.993139 loss_feat=0.000000 loss_ce_cosine=0.000000 loss_boundary_rgb=0.000000 loss_instance_group=1.194856 loss_instance_contrastive=0.000000 loss_semantic_lifting=0.000000 semantic_adapter_grad_norm=0.000000 token_adapter_grad_norm=0.000000 prompt_adapter_grad_norm=0.000000 gaussian_feature_head_grad_norm=0.000000 temperature_grad_norm=0.000000 tokengs_grad_norm=0.000000 temperature=14.285715 semantic_token_variance=0.002482 semantic_token_adjacent_cosine=0.371139 prototype_offdiag_cosine_mean=0.664062 prototype_offdiag_cosine_max=0.851562 ssim=0.739194 lpips=0.613281 psnr=20.0149 speed: 0.10 it/s
[abs-train] step=1030 sample=scene0101_05:0 loss_rgb=3.5121 teacher_gs=0.1654 teacher_rgb=0.0054 teacher_eff=1.0000 inst=1.2508 inst_eff=0.0000 inst_w=0.050000 inst_unit_eff=0.0000 teacher_called=1 abs_grad=10665.04 abs_norm=16968.18 inst_grad=19.86 backbone_grad=0.00 teacher_grad=0.00 sem_grad=0.00 gaussians_source=absolute_student old_gs_head_calls=0 psnr=17.55
[INFO] step=1030 epoch=1 319/710 mem: 5.84/47.54G lr: [1e-05, 1e-05, 0.0001, 0.0001] loss: 3.745493 loss_rgb=3.512136 loss_feat=0.000000 loss_ce_cosine=0.000000 loss_boundary_rgb=0.000000 loss_instance_group=1.250840 loss_instance_contrastive=0.000000 loss_semantic_lifting=0.000000 semantic_adapter_grad_norm=0.000000 token_adapter_grad_norm=0.000000 prompt_adapter_grad_norm=0.000000 gaussian_feature_head_grad_norm=0.000000 temperature_grad_norm=0.000000 tokengs_grad_norm=0.000000 temperature=14.285715 semantic_token_variance=0.002486 semantic_token_adjacent_cosine=0.364106 prototype_offdiag_cosine_mean=0.675781 prototype_offdiag_cosine_max=0.851562 ssim=0.546860 lpips=0.667969 psnr=17.5546 speed: 0.09 it/s
[abs-train] step=1040 sample=scene0281_00:0 loss_rgb=2.2102 teacher_gs=0.1482 teacher_rgb=0.0026 teacher_eff=1.0000 inst=1.1618 inst_eff=0.0000 inst_w=0.050000 inst_unit_eff=0.0000 teacher_called=1 abs_grad=10890.38 abs_norm=16968.24 inst_grad=27.77 backbone_grad=0.00 teacher_grad=0.00 sem_grad=0.00 gaussians_source=absolute_student old_gs_head_calls=0 psnr=19.57
[INFO] step=1040 epoch=1 329/710 mem: 5.84/47.54G lr: [1e-05, 1e-05, 0.0001, 0.0001] loss: 2.419059 loss_rgb=2.210152 loss_feat=0.000000 loss_ce_cosine=0.000000 loss_boundary_rgb=0.000000 loss_instance_group=1.161797 loss_instance_contrastive=0.000000 loss_semantic_lifting=0.000000 semantic_adapter_grad_norm=0.000000 token_adapter_grad_norm=0.000000 prompt_adapter_grad_norm=0.000000 gaussian_feature_head_grad_norm=0.000000 temperature_grad_norm=0.000000 tokengs_grad_norm=0.000000 temperature=14.285715 semantic_token_variance=0.002456 semantic_token_adjacent_cosine=0.381450 prototype_offdiag_cosine_mean=0.628906 prototype_offdiag_cosine_max=0.832031 ssim=0.717181 lpips=0.628906 psnr=19.5661 speed: 0.09 it/s
[abs-train] step=1050 sample=scene0022_00:0 loss_rgb=1.3118 teacher_gs=0.1362 teacher_rgb=0.0029 teacher_eff=1.0000 inst=1.1831 inst_eff=0.0000 inst_w=0.050000 inst_unit_eff=0.0000 teacher_called=1 abs_grad=16292.21 abs_norm=16968.28 inst_grad=25.14 backbone_grad=0.00 teacher_grad=0.00 sem_grad=0.00 gaussians_source=absolute_student old_gs_head_calls=0 psnr=21.83
[INFO] step=1050 epoch=1 339/710 mem: 5.84/47.54G lr: [1e-05, 1e-05, 0.0001, 0.0001] loss: 1.510159 loss_rgb=1.311822 loss_feat=0.000000 loss_ce_cosine=0.000000 loss_boundary_rgb=0.000000 loss_instance_group=1.183135 loss_instance_contrastive=0.000000 loss_semantic_lifting=0.000000 semantic_adapter_grad_norm=0.000000 token_adapter_grad_norm=0.000000 prompt_adapter_grad_norm=0.000000 gaussian_feature_head_grad_norm=0.000000 temperature_grad_norm=0.000000 tokengs_grad_norm=0.000000 temperature=14.285715 semantic_token_variance=0.002523 semantic_token_adjacent_cosine=0.359425 prototype_offdiag_cosine_mean=0.742188 prototype_offdiag_cosine_max=0.851562 ssim=0.695135 lpips=0.601562 psnr=21.8316 speed: 0.09 it/s
[abs-train] step=1060 sample=scene0122_01:0 loss_rgb=1.9113 teacher_gs=0.1800 teacher_rgb=0.0025 teacher_eff=1.0000 inst=1.1220 inst_eff=0.0000 inst_w=0.050000 inst_unit_eff=0.0000 teacher_called=1 abs_grad=18688.10 abs_norm=16968.30 inst_grad=28.21 backbone_grad=0.00 teacher_grad=0.00 sem_grad=0.00 gaussians_source=absolute_student old_gs_head_calls=0 psnr=20.20
[INFO] step=1060 epoch=1 349/710 mem: 5.84/47.54G lr: [1e-05, 1e-05, 0.0001, 0.0001] loss: 2.149868 loss_rgb=1.911266 loss_feat=0.000000 loss_ce_cosine=0.000000 loss_boundary_rgb=0.000000 loss_instance_group=1.122010 loss_instance_contrastive=0.000000 loss_semantic_lifting=0.000000 semantic_adapter_grad_norm=0.000000 token_adapter_grad_norm=0.000000 prompt_adapter_grad_norm=0.000000 gaussian_feature_head_grad_norm=0.000000 temperature_grad_norm=0.000000 tokengs_grad_norm=0.000000 temperature=14.285715 semantic_token_variance=0.002262 semantic_token_adjacent_cosine=0.426205 prototype_offdiag_cosine_mean=0.750000 prototype_offdiag_cosine_max=0.851562 ssim=0.609792 lpips=0.648438 psnr=20.1971 speed: 0.10 it/s
[abs-train] step=1070 sample=scene0073_00:0 loss_rgb=0.5507 teacher_gs=0.1577 teacher_rgb=0.0009 teacher_eff=1.0000 inst=0.8667 inst_eff=0.0000 inst_w=0.050000 inst_unit_eff=0.0000 teacher_called=1 abs_grad=6729.77 abs_norm=16968.22 inst_grad=37.83 backbone_grad=0.00 teacher_grad=0.00 sem_grad=0.00 gaussians_source=absolute_student old_gs_head_calls=0 psnr=25.60
[INFO] step=1070 epoch=1 359/710 mem: 5.84/47.54G lr: [1e-05, 1e-05, 0.0001, 0.0001] loss: 0.752717 loss_rgb=0.550735 loss_feat=0.000000 loss_ce_cosine=0.000000 loss_boundary_rgb=0.000000 loss_instance_group=0.866721 loss_instance_contrastive=0.000000 loss_semantic_lifting=0.000000 semantic_adapter_grad_norm=0.000000 token_adapter_grad_norm=0.000000 prompt_adapter_grad_norm=0.000000 gaussian_feature_head_grad_norm=0.000000 temperature_grad_norm=0.000000 tokengs_grad_norm=0.000000 temperature=14.285715 semantic_token_variance=0.002275 semantic_token_adjacent_cosine=0.423736 prototype_offdiag_cosine_mean=0.742188 prototype_offdiag_cosine_max=0.851562 ssim=0.749355 lpips=0.531250 psnr=25.6009 speed: 0.09 it/s
[abs-train] step=1080 sample=scene0101_00:0 loss_rgb=3.4200 teacher_gs=0.1608 teacher_rgb=0.0051 teacher_eff=1.0000 inst=1.2246 inst_eff=0.0000 inst_w=0.050000 inst_unit_eff=0.0000 teacher_called=1 abs_grad=16944.14 abs_norm=16968.22 inst_grad=25.80 backbone_grad=0.00 teacher_grad=0.00 sem_grad=0.00 gaussians_source=absolute_student old_gs_head_calls=0 psnr=17.67
[INFO] step=1080 epoch=1 369/710 mem: 5.84/47.54G lr: [1e-05, 1e-05, 0.0001, 0.0001] loss: 3.647160 loss_rgb=3.419987 loss_feat=0.000000 loss_ce_cosine=0.000000 loss_boundary_rgb=0.000000 loss_instance_group=1.224633 loss_instance_contrastive=0.000000 loss_semantic_lifting=0.000000 semantic_adapter_grad_norm=0.000000 token_adapter_grad_norm=0.000000 prompt_adapter_grad_norm=0.000000 gaussian_feature_head_grad_norm=0.000000 temperature_grad_norm=0.000000 tokengs_grad_norm=0.000000 temperature=14.285715 semantic_token_variance=0.002509 semantic_token_adjacent_cosine=0.361139 prototype_offdiag_cosine_mean=0.722656 prototype_offdiag_cosine_max=0.851562 ssim=0.593852 lpips=0.648438 psnr=17.6701 speed: 0.08 it/s
[abs-train] step=1090 sample=scene0264_02:0 loss_rgb=1.7018 teacher_gs=0.1371 teacher_rgb=0.0025 teacher_eff=1.0000 inst=1.2227 inst_eff=0.0000 inst_w=0.050000 inst_unit_eff=0.0000 teacher_called=1 abs_grad=4841.35 abs_norm=16968.34 inst_grad=26.03 backbone_grad=0.00 teacher_grad=0.00 sem_grad=0.00 gaussians_source=absolute_student old_gs_head_calls=0 psnr=20.70
[INFO] step=1090 epoch=1 379/710 mem: 5.84/47.54G lr: [1e-05, 1e-05, 0.0001, 0.0001] loss: 1.902442 loss_rgb=1.701771 loss_feat=0.000000 loss_ce_cosine=0.000000 loss_boundary_rgb=0.000000 loss_instance_group=1.222701 loss_instance_contrastive=0.000000 loss_semantic_lifting=0.000000 semantic_adapter_grad_norm=0.000000 token_adapter_grad_norm=0.000000 prompt_adapter_grad_norm=0.000000 gaussian_feature_head_grad_norm=0.000000 temperature_grad_norm=0.000000 tokengs_grad_norm=0.000000 temperature=14.285715 semantic_token_variance=0.002607 semantic_token_adjacent_cosine=0.336139 prototype_offdiag_cosine_mean=0.750000 prototype_offdiag_cosine_max=0.851562 ssim=0.736080 lpips=0.539062 psnr=20.7013 speed: 0.09 it/s
[abs-train] step=1100 sample=scene0331_01:0 loss_rgb=2.4951 teacher_gs=0.1379 teacher_rgb=0.0025 teacher_eff=1.0000 inst=1.2110 inst_eff=0.0000 inst_w=0.050000 inst_unit_eff=0.0000 teacher_called=1 abs_grad=14272.63 abs_norm=16968.38 inst_grad=17.32 backbone_grad=0.00 teacher_grad=0.00 sem_grad=0.00 gaussians_source=absolute_student old_gs_head_calls=0 psnr=19.04
[INFO] step=1100 epoch=1 389/710 mem: 5.84/47.54G lr: [1e-05, 1e-05, 0.0001, 0.0001] loss: 2.696080 loss_rgb=2.495080 loss_feat=0.000000 loss_ce_cosine=0.000000 loss_boundary_rgb=0.000000 loss_instance_group=1.210970 loss_instance_contrastive=0.000000 loss_semantic_lifting=0.000000 semantic_adapter_grad_norm=0.000000 token_adapter_grad_norm=0.000000 prompt_adapter_grad_norm=0.000000 gaussian_feature_head_grad_norm=0.000000 temperature_grad_norm=0.000000 tokengs_grad_norm=0.000000 temperature=14.285715 semantic_token_variance=0.002587 semantic_token_adjacent_cosine=0.343659 prototype_offdiag_cosine_mean=0.632812 prototype_offdiag_cosine_max=0.851562 ssim=0.607939 lpips=0.703125 psnr=19.0395 speed: 0.09 it/s
[abs-train] step=1110 sample=scene0452_02:0 loss_rgb=2.2961 teacher_gs=0.1603 teacher_rgb=0.0020 teacher_eff=1.0000 inst=1.2573 inst_eff=0.0000 inst_w=0.050000 inst_unit_eff=0.0000 teacher_called=1 abs_grad=21838.14 abs_norm=16968.39 inst_grad=19.19 backbone_grad=0.00 teacher_grad=0.00 sem_grad=0.00 gaussians_source=absolute_student old_gs_head_calls=0 psnr=19.40
[INFO] step=1110 epoch=1 399/710 mem: 5.84/47.54G lr: [1e-05, 1e-05, 0.0001, 0.0001] loss: 2.521261 loss_rgb=2.296135 loss_feat=0.000000 loss_ce_cosine=0.000000 loss_boundary_rgb=0.000000 loss_instance_group=1.257347 loss_instance_contrastive=0.000000 loss_semantic_lifting=0.000000 semantic_adapter_grad_norm=0.000000 token_adapter_grad_norm=0.000000 prompt_adapter_grad_norm=0.000000 gaussian_feature_head_grad_norm=0.000000 temperature_grad_norm=0.000000 tokengs_grad_norm=0.000000 temperature=14.285715 semantic_token_variance=0.002364 semantic_token_adjacent_cosine=0.402326 prototype_offdiag_cosine_mean=0.632812 prototype_offdiag_cosine_max=0.851562 ssim=0.707406 lpips=0.519531 psnr=19.4003 speed: 0.10 it/s
[abs-train] step=1120 sample=scene0628_01:0 loss_rgb=1.5132 teacher_gs=0.1691 teacher_rgb=0.0013 teacher_eff=1.0000 inst=1.1379 inst_eff=0.0000 inst_w=0.050000 inst_unit_eff=0.0000 teacher_called=1 abs_grad=9037.43 abs_norm=16968.42 inst_grad=28.49 backbone_grad=0.00 teacher_grad=0.00 sem_grad=0.00 gaussians_source=absolute_student old_gs_head_calls=0 psnr=21.21
[INFO] step=1120 epoch=1 409/710 mem: 5.84/47.54G lr: [1e-05, 1e-05, 0.0001, 0.0001] loss: 1.740514 loss_rgb=1.513154 loss_feat=0.000000 loss_ce_cosine=0.000000 loss_boundary_rgb=0.000000 loss_instance_group=1.137875 loss_instance_contrastive=0.000000 loss_semantic_lifting=0.000000 semantic_adapter_grad_norm=0.000000 token_adapter_grad_norm=0.000000 prompt_adapter_grad_norm=0.000000 gaussian_feature_head_grad_norm=0.000000 temperature_grad_norm=0.000000 tokengs_grad_norm=0.000000 temperature=14.285715 semantic_token_variance=0.002379 semantic_token_adjacent_cosine=0.398267 prototype_offdiag_cosine_mean=0.750000 prototype_offdiag_cosine_max=0.851562 ssim=0.778503 lpips=0.652344 psnr=21.2115 speed: 0.07 it/s
[abs-ckpt] saved intra-epoch head checkpoint step=1125
[abs-train] step=1130 sample=scene0263_00:0 loss_rgb=4.0504 teacher_gs=0.1588 teacher_rgb=0.0038 teacher_eff=1.0000 inst=1.2099 inst_eff=0.0000 inst_w=0.050000 inst_unit_eff=0.0000 teacher_called=1 abs_grad=28706.27 abs_norm=16968.49 inst_grad=24.41 backbone_grad=0.00 teacher_grad=0.00 sem_grad=0.00 gaussians_source=absolute_student old_gs_head_calls=0 psnr=16.94
[INFO] step=1130 epoch=1 419/710 mem: 5.84/47.54G lr: [1e-05, 1e-05, 0.0001, 0.0001] loss: 4.273509 loss_rgb=4.050435 loss_feat=0.000000 loss_ce_cosine=0.000000 loss_boundary_rgb=0.000000 loss_instance_group=1.209890 loss_instance_contrastive=0.000000 loss_semantic_lifting=0.000000 semantic_adapter_grad_norm=0.000000 token_adapter_grad_norm=0.000000 prompt_adapter_grad_norm=0.000000 gaussian_feature_head_grad_norm=0.000000 temperature_grad_norm=0.000000 tokengs_grad_norm=0.000000 temperature=14.285715 semantic_token_variance=0.002652 semantic_token_adjacent_cosine=0.331372 prototype_offdiag_cosine_mean=0.750000 prototype_offdiag_cosine_max=0.851562 ssim=0.661867 lpips=0.621094 psnr=16.9353 speed: 0.08 it/s
[abs-train] step=1140 sample=scene0594_00:0 loss_rgb=3.3219 teacher_gs=0.1438 teacher_rgb=0.0027 teacher_eff=1.0000 inst=1.2442 inst_eff=0.0000 inst_w=0.050000 inst_unit_eff=0.0000 teacher_called=1 abs_grad=9424.58 abs_norm=16968.56 inst_grad=29.35 backbone_grad=0.00 teacher_grad=0.00 sem_grad=0.00 gaussians_source=absolute_student old_gs_head_calls=0 psnr=17.80
[INFO] step=1140 epoch=1 429/710 mem: 5.84/47.54G lr: [1e-05, 1e-05, 0.0001, 0.0001] loss: 3.530694 loss_rgb=3.321918 loss_feat=0.000000 loss_ce_cosine=0.000000 loss_boundary_rgb=0.000000 loss_instance_group=1.244154 loss_instance_contrastive=0.000000 loss_semantic_lifting=0.000000 semantic_adapter_grad_norm=0.000000 token_adapter_grad_norm=0.000000 prompt_adapter_grad_norm=0.000000 gaussian_feature_head_grad_norm=0.000000 temperature_grad_norm=0.000000 tokengs_grad_norm=0.000000 temperature=14.285715 semantic_token_variance=0.002525 semantic_token_adjacent_cosine=0.361153 prototype_offdiag_cosine_mean=0.601562 prototype_offdiag_cosine_max=0.851562 ssim=0.613037 lpips=0.656250 psnr=17.7964 speed: 0.10 it/s
[abs-train] step=1150 sample=scene0095_00:0 loss_rgb=2.9277 teacher_gs=0.1568 teacher_rgb=0.0030 teacher_eff=1.0000 inst=1.2535 inst_eff=0.0000 inst_w=0.050000 inst_unit_eff=0.0000 teacher_called=1 abs_grad=7275.85 abs_norm=16968.53 inst_grad=21.33 backbone_grad=0.00 teacher_grad=0.00 sem_grad=0.00 gaussians_source=absolute_student old_gs_head_calls=0 psnr=18.35
[INFO] step=1150 epoch=1 439/710 mem: 5.84/47.54G lr: [1e-05, 1e-05, 0.0001, 0.0001] loss: 3.150168 loss_rgb=2.927683 loss_feat=0.000000 loss_ce_cosine=0.000000 loss_boundary_rgb=0.000000 loss_instance_group=1.253512 loss_instance_contrastive=0.000000 loss_semantic_lifting=0.000000 semantic_adapter_grad_norm=0.000000 token_adapter_grad_norm=0.000000 prompt_adapter_grad_norm=0.000000 gaussian_feature_head_grad_norm=0.000000 temperature_grad_norm=0.000000 tokengs_grad_norm=0.000000 temperature=14.285715 semantic_token_variance=0.002648 semantic_token_adjacent_cosine=0.328617 prototype_offdiag_cosine_mean=0.718750 prototype_offdiag_cosine_max=0.851562 ssim=0.630558 lpips=0.613281 psnr=18.3451 speed: 0.11 it/s
[abs-train] step=1160 sample=scene0432_00:0 loss_rgb=2.0240 teacher_gs=0.1482 teacher_rgb=0.0028 teacher_eff=1.0000 inst=1.3075 inst_eff=0.0000 inst_w=0.050000 inst_unit_eff=0.0000 teacher_called=1 abs_grad=13350.24 abs_norm=16968.44 inst_grad=25.72 backbone_grad=0.00 teacher_grad=0.00 sem_grad=0.00 gaussians_source=absolute_student old_gs_head_calls=0 psnr=19.95
[INFO] step=1160 epoch=1 449/710 mem: 5.84/47.54G lr: [1e-05, 1e-05, 0.0001, 0.0001] loss: 2.240366 loss_rgb=2.024015 loss_feat=0.000000 loss_ce_cosine=0.000000 loss_boundary_rgb=0.000000 loss_instance_group=1.307507 loss_instance_contrastive=0.000000 loss_semantic_lifting=0.000000 semantic_adapter_grad_norm=0.000000 token_adapter_grad_norm=0.000000 prompt_adapter_grad_norm=0.000000 gaussian_feature_head_grad_norm=0.000000 temperature_grad_norm=0.000000 tokengs_grad_norm=0.000000 temperature=14.285715 semantic_token_variance=0.002500 semantic_token_adjacent_cosine=0.367295 prototype_offdiag_cosine_mean=0.714844 prototype_offdiag_cosine_max=0.851562 ssim=0.653654 lpips=0.660156 psnr=19.9482 speed: 0.08 it/s
[abs-train] step=1170 sample=scene0096_00:0 loss_rgb=1.8380 teacher_gs=0.1272 teacher_rgb=0.0033 teacher_eff=1.0000 inst=1.2189 inst_eff=0.0000 inst_w=0.050000 inst_unit_eff=0.0000 teacher_called=1 abs_grad=15938.82 abs_norm=16968.38 inst_grad=28.70 backbone_grad=0.00 teacher_grad=0.00 sem_grad=0.00 gaussians_source=absolute_student old_gs_head_calls=0 psnr=20.37
[INFO] step=1170 epoch=1 459/710 mem: 5.84/47.54G lr: [1e-05, 1e-05, 0.0001, 0.0001] loss: 2.029524 loss_rgb=1.838005 loss_feat=0.000000 loss_ce_cosine=0.000000 loss_boundary_rgb=0.000000 loss_instance_group=1.218863 loss_instance_contrastive=0.000000 loss_semantic_lifting=0.000000 semantic_adapter_grad_norm=0.000000 token_adapter_grad_norm=0.000000 prompt_adapter_grad_norm=0.000000 gaussian_feature_head_grad_norm=0.000000 temperature_grad_norm=0.000000 tokengs_grad_norm=0.000000 temperature=14.285715 semantic_token_variance=0.002703 semantic_token_adjacent_cosine=0.314034 prototype_offdiag_cosine_mean=0.750000 prototype_offdiag_cosine_max=0.851562 ssim=0.655238 lpips=0.621094 psnr=20.3668 speed: 0.11 it/s
[abs-train] step=1180 sample=scene0192_00:0 loss_rgb=2.1825 teacher_gs=0.1746 teacher_rgb=0.0027 teacher_eff=1.0000 inst=1.1280 inst_eff=0.0000 inst_w=0.050000 inst_unit_eff=0.0000 teacher_called=1 abs_grad=15147.98 abs_norm=16968.44 inst_grad=20.73 backbone_grad=0.00 teacher_grad=0.00 sem_grad=0.00 gaussians_source=absolute_student old_gs_head_calls=0 psnr=19.62
[INFO] step=1180 epoch=1 469/710 mem: 5.87/47.54G lr: [1e-05, 1e-05, 0.0001, 0.0001] loss: 2.416179 loss_rgb=2.182451 loss_feat=0.000000 loss_ce_cosine=0.000000 loss_boundary_rgb=0.000000 loss_instance_group=1.128021 loss_instance_contrastive=0.000000 loss_semantic_lifting=0.000000 semantic_adapter_grad_norm=0.000000 token_adapter_grad_norm=0.000000 prompt_adapter_grad_norm=0.000000 gaussian_feature_head_grad_norm=0.000000 temperature_grad_norm=0.000000 tokengs_grad_norm=0.000000 temperature=14.285715 semantic_token_variance=0.002330 semantic_token_adjacent_cosine=0.411012 prototype_offdiag_cosine_mean=0.714844 prototype_offdiag_cosine_max=0.832031 ssim=0.616628 lpips=0.597656 psnr=19.6209 speed: 0.09 it/s
[abs-train] step=1190 sample=scene0078_00:0 loss_rgb=2.7980 teacher_gs=0.1541 teacher_rgb=0.0035 teacher_eff=1.0000 inst=1.2260 inst_eff=0.0000 inst_w=0.050000 inst_unit_eff=0.0000 teacher_called=1 abs_grad=11646.06 abs_norm=16968.42 inst_grad=21.41 backbone_grad=0.00 teacher_grad=0.00 sem_grad=0.00 gaussians_source=absolute_student old_gs_head_calls=0 psnr=18.54
[INFO] step=1190 epoch=1 479/710 mem: 5.87/47.54G lr: [1e-05, 1e-05, 0.0001, 0.0001] loss: 3.016906 loss_rgb=2.798001 loss_feat=0.000000 loss_ce_cosine=0.000000 loss_boundary_rgb=0.000000 loss_instance_group=1.225980 loss_instance_contrastive=0.000000 loss_semantic_lifting=0.000000 semantic_adapter_grad_norm=0.000000 token_adapter_grad_norm=0.000000 prompt_adapter_grad_norm=0.000000 gaussian_feature_head_grad_norm=0.000000 temperature_grad_norm=0.000000 tokengs_grad_norm=0.000000 temperature=14.285715 semantic_token_variance=0.002493 semantic_token_adjacent_cosine=0.366638 prototype_offdiag_cosine_mean=0.750000 prototype_offdiag_cosine_max=0.851562 ssim=0.683377 lpips=0.605469 psnr=18.5418 speed: 0.08 it/s
[abs-train] step=1200 sample=scene0398_00:0 loss_rgb=2.1802 teacher_gs=0.1523 teacher_rgb=0.0015 teacher_eff=1.0000 inst=1.2036 inst_eff=0.0000 inst_w=0.050000 inst_unit_eff=0.0000 teacher_called=1 abs_grad=15365.96 abs_norm=16968.37 inst_grad=24.71 backbone_grad=0.00 teacher_grad=0.00 sem_grad=0.00 gaussians_source=absolute_student old_gs_head_calls=0 psnr=19.63
[INFO] step=1200 epoch=1 489/710 mem: 5.87/47.54G lr: [1e-05, 1e-05, 0.0001, 0.0001] loss: 2.394197 loss_rgb=2.180202 loss_feat=0.000000 loss_ce_cosine=0.000000 loss_boundary_rgb=0.000000 loss_instance_group=1.203593 loss_instance_contrastive=0.000000 loss_semantic_lifting=0.000000 semantic_adapter_grad_norm=0.000000 token_adapter_grad_norm=0.000000 prompt_adapter_grad_norm=0.000000 gaussian_feature_head_grad_norm=0.000000 temperature_grad_norm=0.000000 tokengs_grad_norm=0.000000 temperature=14.285715 semantic_token_variance=0.002606 semantic_token_adjacent_cosine=0.341422 prototype_offdiag_cosine_mean=0.722656 prototype_offdiag_cosine_max=0.832031 ssim=0.771599 lpips=0.593750 psnr=19.6253 speed: 0.08 it/s
[abs-train] step=1210 sample=scene0256_02:0 loss_rgb=1.8136 teacher_gs=0.1837 teacher_rgb=0.0036 teacher_eff=1.0000 inst=1.3768 inst_eff=0.0000 inst_w=0.050000 inst_unit_eff=0.0000 teacher_called=1 abs_grad=18729.88 abs_norm=16968.30 inst_grad=29.59 backbone_grad=0.00 teacher_grad=0.00 sem_grad=0.00 gaussians_source=absolute_student old_gs_head_calls=0 psnr=20.42
[INFO] step=1210 epoch=1 499/710 mem: 5.87/47.54G lr: [1e-05, 1e-05, 0.0001, 0.0001] loss: 2.069709 loss_rgb=1.813566 loss_feat=0.000000 loss_ce_cosine=0.000000 loss_boundary_rgb=0.000000 loss_instance_group=1.376811 loss_instance_contrastive=0.000000 loss_semantic_lifting=0.000000 semantic_adapter_grad_norm=0.000000 token_adapter_grad_norm=0.000000 prompt_adapter_grad_norm=0.000000 gaussian_feature_head_grad_norm=0.000000 temperature_grad_norm=0.000000 tokengs_grad_norm=0.000000 temperature=14.285715 semantic_token_variance=0.002383 semantic_token_adjacent_cosine=0.395583 prototype_offdiag_cosine_mean=0.750000 prototype_offdiag_cosine_max=0.851562 ssim=0.728784 lpips=0.597656 psnr=20.4250 speed: 0.09 it/s
[abs-train] step=1220 sample=scene0567_01:0 loss_rgb=0.9877 teacher_gs=0.1813 teacher_rgb=0.0022 teacher_eff=1.0000 inst=1.3808 inst_eff=0.0000 inst_w=0.050000 inst_unit_eff=0.0000 teacher_called=1 abs_grad=17667.84 abs_norm=16968.30 inst_grad=32.94 backbone_grad=0.00 teacher_grad=0.00 sem_grad=0.00 gaussians_source=absolute_student old_gs_head_calls=0 psnr=23.06
[INFO] step=1220 epoch=1 509/710 mem: 5.87/47.54G lr: [1e-05, 1e-05, 0.0001, 0.0001] loss: 1.240227 loss_rgb=0.987684 loss_feat=0.000000 loss_ce_cosine=0.000000 loss_boundary_rgb=0.000000 loss_instance_group=1.380804 loss_instance_contrastive=0.000000 loss_semantic_lifting=0.000000 semantic_adapter_grad_norm=0.000000 token_adapter_grad_norm=0.000000 prompt_adapter_grad_norm=0.000000 gaussian_feature_head_grad_norm=0.000000 temperature_grad_norm=0.000000 tokengs_grad_norm=0.000000 temperature=14.285715 semantic_token_variance=0.002399 semantic_token_adjacent_cosine=0.391578 prototype_offdiag_cosine_mean=0.652344 prototype_offdiag_cosine_max=0.851562 ssim=0.764497 lpips=0.601562 psnr=23.0641 speed: 0.08 it/s
[abs-train] step=1230 sample=scene0678_02:0 loss_rgb=3.3829 teacher_gs=0.1313 teacher_rgb=0.0033 teacher_eff=1.0000 inst=1.2600 inst_eff=0.0000 inst_w=0.050000 inst_unit_eff=0.0000 teacher_called=1 abs_grad=11174.10 abs_norm=16968.29 inst_grad=17.63 backbone_grad=0.00 teacher_grad=0.00 sem_grad=0.00 gaussians_source=absolute_student old_gs_head_calls=0 psnr=17.72
[INFO] step=1230 epoch=1 519/710 mem: 5.87/47.54G lr: [1e-05, 1e-05, 0.0001, 0.0001] loss: 3.580523 loss_rgb=3.382905 loss_feat=0.000000 loss_ce_cosine=0.000000 loss_boundary_rgb=0.000000 loss_instance_group=1.260042 loss_instance_contrastive=0.000000 loss_semantic_lifting=0.000000 semantic_adapter_grad_norm=0.000000 token_adapter_grad_norm=0.000000 prompt_adapter_grad_norm=0.000000 gaussian_feature_head_grad_norm=0.000000 temperature_grad_norm=0.000000 tokengs_grad_norm=0.000000 temperature=14.285715 semantic_token_variance=0.002544 semantic_token_adjacent_cosine=0.355592 prototype_offdiag_cosine_mean=0.652344 prototype_offdiag_cosine_max=0.851562 ssim=0.619548 lpips=0.636719 psnr=17.7174 speed: 0.08 it/s
[abs-train] step=1240 sample=scene0541_02:0 loss_rgb=2.9538 teacher_gs=0.1485 teacher_rgb=0.0026 teacher_eff=1.0000 inst=1.3001 inst_eff=0.0000 inst_w=0.050000 inst_unit_eff=0.0000 teacher_called=1 abs_grad=10563.86 abs_norm=16968.33 inst_grad=19.31 backbone_grad=0.00 teacher_grad=0.00 sem_grad=0.00 gaussians_source=absolute_student old_gs_head_calls=0 psnr=18.31
[INFO] step=1240 epoch=1 529/710 mem: 5.87/47.54G lr: [1e-05, 1e-05, 0.0001, 0.0001] loss: 3.169947 loss_rgb=2.953835 loss_feat=0.000000 loss_ce_cosine=0.000000 loss_boundary_rgb=0.000000 loss_instance_group=1.300076 loss_instance_contrastive=0.000000 loss_semantic_lifting=0.000000 semantic_adapter_grad_norm=0.000000 token_adapter_grad_norm=0.000000 prompt_adapter_grad_norm=0.000000 gaussian_feature_head_grad_norm=0.000000 temperature_grad_norm=0.000000 tokengs_grad_norm=0.000000 temperature=14.285715 semantic_token_variance=0.002659 semantic_token_adjacent_cosine=0.326590 prototype_offdiag_cosine_mean=0.621094 prototype_offdiag_cosine_max=0.851562 ssim=0.631259 lpips=0.593750 psnr=18.3064 speed: 0.07 it/s
[abs-train] step=1250 sample=scene0622_00:0 loss_rgb=2.4071 teacher_gs=0.1326 teacher_rgb=0.0029 teacher_eff=1.0000 inst=1.3000 inst_eff=0.0000 inst_w=0.050000 inst_unit_eff=0.0000 teacher_called=1 abs_grad=11507.32 abs_norm=16968.32 inst_grad=26.32 backbone_grad=0.00 teacher_grad=0.00 sem_grad=0.00 gaussians_source=absolute_student old_gs_head_calls=0 psnr=19.20
[INFO] step=1250 epoch=1 539/710 mem: 5.87/47.54G lr: [1e-05, 1e-05, 0.0001, 0.0001] loss: 2.607585 loss_rgb=2.407092 loss_feat=0.000000 loss_ce_cosine=0.000000 loss_boundary_rgb=0.000000 loss_instance_group=1.300012 loss_instance_contrastive=0.000000 loss_semantic_lifting=0.000000 semantic_adapter_grad_norm=0.000000 token_adapter_grad_norm=0.000000 prompt_adapter_grad_norm=0.000000 gaussian_feature_head_grad_norm=0.000000 temperature_grad_norm=0.000000 tokengs_grad_norm=0.000000 temperature=14.285715 semantic_token_variance=0.002656 semantic_token_adjacent_cosine=0.324001 prototype_offdiag_cosine_mean=0.750000 prototype_offdiag_cosine_max=0.851562 ssim=0.554103 lpips=0.679688 psnr=19.1954 speed: 0.09 it/s
[abs-ckpt] saved intra-epoch head checkpoint step=1250
[abs-train] step=1260 sample=scene0072_01:0 loss_rgb=2.3944 teacher_gs=0.1461 teacher_rgb=0.0026 teacher_eff=1.0000 inst=1.3266 inst_eff=0.0000 inst_w=0.050000 inst_unit_eff=0.0000 teacher_called=1 abs_grad=20300.49 abs_norm=16968.37 inst_grad=22.38 backbone_grad=0.00 teacher_grad=0.00 sem_grad=0.00 gaussians_source=absolute_student old_gs_head_calls=0 psnr=19.22
[INFO] step=1260 epoch=1 549/710 mem: 5.87/47.54G lr: [1e-05, 1e-05, 0.0001, 0.0001] loss: 2.609433 loss_rgb=2.394403 loss_feat=0.000000 loss_ce_cosine=0.000000 loss_boundary_rgb=0.000000 loss_instance_group=1.326554 loss_instance_contrastive=0.000000 loss_semantic_lifting=0.000000 semantic_adapter_grad_norm=0.000000 token_adapter_grad_norm=0.000000 prompt_adapter_grad_norm=0.000000 gaussian_feature_head_grad_norm=0.000000 temperature_grad_norm=0.000000 tokengs_grad_norm=0.000000 temperature=14.285715 semantic_token_variance=0.002507 semantic_token_adjacent_cosine=0.363333 prototype_offdiag_cosine_mean=0.750000 prototype_offdiag_cosine_max=0.851562 ssim=0.744491 lpips=0.609375 psnr=19.2183 speed: 0.07 it/s
[abs-train] step=1270 sample=scene0012_00:0 loss_rgb=1.3822 teacher_gs=0.1259 teacher_rgb=0.0023 teacher_eff=1.0000 inst=1.2252 inst_eff=0.0000 inst_w=0.050000 inst_unit_eff=0.0000 teacher_called=1 abs_grad=17117.06 abs_norm=16968.29 inst_grad=29.67 backbone_grad=0.00 teacher_grad=0.00 sem_grad=0.00 gaussians_source=absolute_student old_gs_head_calls=0 psnr=21.60
[INFO] step=1270 epoch=1 559/710 mem: 5.87/47.54G lr: [1e-05, 1e-05, 0.0001, 0.0001] loss: 1.571671 loss_rgb=1.382222 loss_feat=0.000000 loss_ce_cosine=0.000000 loss_boundary_rgb=0.000000 loss_instance_group=1.225240 loss_instance_contrastive=0.000000 loss_semantic_lifting=0.000000 semantic_adapter_grad_norm=0.000000 token_adapter_grad_norm=0.000000 prompt_adapter_grad_norm=0.000000 gaussian_feature_head_grad_norm=0.000000 temperature_grad_norm=0.000000 tokengs_grad_norm=0.000000 temperature=14.285715 semantic_token_variance=0.002576 semantic_token_adjacent_cosine=0.345684 prototype_offdiag_cosine_mean=0.625000 prototype_offdiag_cosine_max=0.851562 ssim=0.627509 lpips=0.617188 psnr=21.6045 speed: 0.08 it/s
[abs-train] step=1280 sample=scene0670_01:0 loss_rgb=1.5810 teacher_gs=0.1475 teacher_rgb=0.0035 teacher_eff=1.0000 inst=1.2384 inst_eff=0.0000 inst_w=0.050000 inst_unit_eff=0.0000 teacher_called=1 abs_grad=10523.63 abs_norm=16968.27 inst_grad=24.12 backbone_grad=0.00 teacher_grad=0.00 sem_grad=0.00 gaussians_source=absolute_student old_gs_head_calls=0 psnr=21.02
[INFO] step=1280 epoch=1 569/710 mem: 5.87/47.54G lr: [1e-05, 1e-05, 0.0001, 0.0001] loss: 1.793944 loss_rgb=1.580990 loss_feat=0.000000 loss_ce_cosine=0.000000 loss_boundary_rgb=0.000000 loss_instance_group=1.238424 loss_instance_contrastive=0.000000 loss_semantic_lifting=0.000000 semantic_adapter_grad_norm=0.000000 token_adapter_grad_norm=0.000000 prompt_adapter_grad_norm=0.000000 gaussian_feature_head_grad_norm=0.000000 temperature_grad_norm=0.000000 tokengs_grad_norm=0.000000 temperature=14.285715 semantic_token_variance=0.002494 semantic_token_adjacent_cosine=0.366774 prototype_offdiag_cosine_mean=0.660156 prototype_offdiag_cosine_max=0.851562 ssim=0.696441 lpips=0.562500 psnr=21.0210 speed: 0.10 it/s
[abs-train] step=1290 sample=scene0282_02:0 loss_rgb=1.9392 teacher_gs=0.1726 teacher_rgb=0.0019 teacher_eff=1.0000 inst=1.2948 inst_eff=0.0000 inst_w=0.050000 inst_unit_eff=0.0000 teacher_called=1 abs_grad=44492.40 abs_norm=16968.24 inst_grad=26.91 backbone_grad=0.00 teacher_grad=0.00 sem_grad=0.00 gaussians_source=absolute_student old_gs_head_calls=0 psnr=20.13
[INFO] step=1290 epoch=1 579/710 mem: 5.87/47.54G lr: [1e-05, 1e-05, 0.0001, 0.0001] loss: 2.178385 loss_rgb=1.939162 loss_feat=0.000000 loss_ce_cosine=0.000000 loss_boundary_rgb=0.000000 loss_instance_group=1.294814 loss_instance_contrastive=0.000000 loss_semantic_lifting=0.000000 semantic_adapter_grad_norm=0.000000 token_adapter_grad_norm=0.000000 prompt_adapter_grad_norm=0.000000 gaussian_feature_head_grad_norm=0.000000 temperature_grad_norm=0.000000 tokengs_grad_norm=0.000000 temperature=14.285715 semantic_token_variance=0.002243 semantic_token_adjacent_cosine=0.431736 prototype_offdiag_cosine_mean=0.718750 prototype_offdiag_cosine_max=0.851562 ssim=0.557188 lpips=0.621094 psnr=20.1342 speed: 0.08 it/s
[abs-train] step=1300 sample=scene0064_01:0 loss_rgb=3.0438 teacher_gs=0.1552 teacher_rgb=0.0032 teacher_eff=1.0000 inst=1.2692 inst_eff=0.0000 inst_w=0.050000 inst_unit_eff=0.0000 teacher_called=1 abs_grad=16005.12 abs_norm=16968.26 inst_grad=19.71 backbone_grad=0.00 teacher_grad=0.00 sem_grad=0.00 gaussians_source=absolute_student old_gs_head_calls=0 psnr=18.18
[INFO] step=1300 epoch=1 589/710 mem: 5.87/47.54G lr: [1e-05, 1e-05, 0.0001, 0.0001] loss: 3.265702 loss_rgb=3.043828 loss_feat=0.000000 loss_ce_cosine=0.000000 loss_boundary_rgb=0.000000 loss_instance_group=1.269163 loss_instance_contrastive=0.000000 loss_semantic_lifting=0.000000 semantic_adapter_grad_norm=0.000000 token_adapter_grad_norm=0.000000 prompt_adapter_grad_norm=0.000000 gaussian_feature_head_grad_norm=0.000000 temperature_grad_norm=0.000000 tokengs_grad_norm=0.000000 temperature=14.285715 semantic_token_variance=0.002531 semantic_token_adjacent_cosine=0.356467 prototype_offdiag_cosine_mean=0.750000 prototype_offdiag_cosine_max=0.851562 ssim=0.570987 lpips=0.648438 psnr=18.1761 speed: 0.07 it/s
[abs-train] step=1310 sample=scene0045_00:0 loss_rgb=1.1492 teacher_gs=0.1527 teacher_rgb=0.0011 teacher_eff=1.0000 inst=1.3511 inst_eff=0.0000 inst_w=0.050000 inst_unit_eff=0.0000 teacher_called=1 abs_grad=12480.03 abs_norm=16968.21 inst_grad=22.60 backbone_grad=0.00 teacher_grad=0.00 sem_grad=0.00 gaussians_source=absolute_student old_gs_head_calls=0 psnr=22.41
[INFO] step=1310 epoch=1 599/710 mem: 5.87/47.54G lr: [1e-05, 1e-05, 0.0001, 0.0001] loss: 1.370468 loss_rgb=1.149179 loss_feat=0.000000 loss_ce_cosine=0.000000 loss_boundary_rgb=0.000000 loss_instance_group=1.351111 loss_instance_contrastive=0.000000 loss_semantic_lifting=0.000000 semantic_adapter_grad_norm=0.000000 token_adapter_grad_norm=0.000000 prompt_adapter_grad_norm=0.000000 gaussian_feature_head_grad_norm=0.000000 temperature_grad_norm=0.000000 tokengs_grad_norm=0.000000 temperature=14.285715 semantic_token_variance=0.002520 semantic_token_adjacent_cosine=0.360015 prototype_offdiag_cosine_mean=0.742188 prototype_offdiag_cosine_max=0.832031 ssim=0.671727 lpips=0.593750 psnr=22.4064 speed: 0.09 it/s
[abs-train] step=1320 sample=scene0070_00:0 loss_rgb=1.2166 teacher_gs=0.1428 teacher_rgb=0.0020 teacher_eff=1.0000 inst=1.2822 inst_eff=0.0000 inst_w=0.050000 inst_unit_eff=0.0000 teacher_called=1 abs_grad=8311.87 abs_norm=16968.24 inst_grad=21.36 backbone_grad=0.00 teacher_grad=0.00 sem_grad=0.00 gaussians_source=absolute_student old_gs_head_calls=0 psnr=22.16
[INFO] step=1320 epoch=1 609/710 mem: 5.87/47.54G lr: [1e-05, 1e-05, 0.0001, 0.0001] loss: 1.425459 loss_rgb=1.216585 loss_feat=0.000000 loss_ce_cosine=0.000000 loss_boundary_rgb=0.000000 loss_instance_group=1.282184 loss_instance_contrastive=0.000000 loss_semantic_lifting=0.000000 semantic_adapter_grad_norm=0.000000 token_adapter_grad_norm=0.000000 prompt_adapter_grad_norm=0.000000 gaussian_feature_head_grad_norm=0.000000 temperature_grad_norm=0.000000 tokengs_grad_norm=0.000000 temperature=14.285715 semantic_token_variance=0.002458 semantic_token_adjacent_cosine=0.377406 prototype_offdiag_cosine_mean=0.750000 prototype_offdiag_cosine_max=0.851562 ssim=0.716666 lpips=0.566406 psnr=22.1589 speed: 0.07 it/s
[abs-train] step=1330 sample=scene0223_00:0 loss_rgb=3.4759 teacher_gs=0.1339 teacher_rgb=0.0032 teacher_eff=1.0000 inst=1.3019 inst_eff=0.0000 inst_w=0.050000 inst_unit_eff=0.0000 teacher_called=1 abs_grad=13311.82 abs_norm=16968.23 inst_grad=20.20 backbone_grad=0.00 teacher_grad=0.00 sem_grad=0.00 gaussians_source=absolute_student old_gs_head_calls=0 psnr=17.60
[INFO] step=1330 epoch=1 619/710 mem: 5.87/47.54G lr: [1e-05, 1e-05, 0.0001, 0.0001] loss: 3.678164 loss_rgb=3.475932 loss_feat=0.000000 loss_ce_cosine=0.000000 loss_boundary_rgb=0.000000 loss_instance_group=1.301931 loss_instance_contrastive=0.000000 loss_semantic_lifting=0.000000 semantic_adapter_grad_norm=0.000000 token_adapter_grad_norm=0.000000 prompt_adapter_grad_norm=0.000000 gaussian_feature_head_grad_norm=0.000000 temperature_grad_norm=0.000000 tokengs_grad_norm=0.000000 temperature=14.285715 semantic_token_variance=0.002723 semantic_token_adjacent_cosine=0.310656 prototype_offdiag_cosine_mean=0.656250 prototype_offdiag_cosine_max=0.832031 ssim=0.684218 lpips=0.609375 psnr=17.5996 speed: 0.10 it/s
[abs-train] step=1340 sample=scene0547_01:0 loss_rgb=4.1444 teacher_gs=0.1620 teacher_rgb=0.0120 teacher_eff=1.0000 inst=1.2846 inst_eff=0.0000 inst_w=0.050000 inst_unit_eff=0.0000 teacher_called=1 abs_grad=12626.67 abs_norm=16968.23 inst_grad=24.74 backbone_grad=0.00 teacher_grad=0.00 sem_grad=0.00 gaussians_source=absolute_student old_gs_head_calls=0 psnr=16.84
[INFO] step=1340 epoch=1 629/710 mem: 5.87/47.54G lr: [1e-05, 1e-05, 0.0001, 0.0001] loss: 4.382585 loss_rgb=4.144353 loss_feat=0.000000 loss_ce_cosine=0.000000 loss_boundary_rgb=0.000000 loss_instance_group=1.284575 loss_instance_contrastive=0.000000 loss_semantic_lifting=0.000000 semantic_adapter_grad_norm=0.000000 token_adapter_grad_norm=0.000000 prompt_adapter_grad_norm=0.000000 gaussian_feature_head_grad_norm=0.000000 temperature_grad_norm=0.000000 tokengs_grad_norm=0.000000 temperature=14.285715 semantic_token_variance=0.002353 semantic_token_adjacent_cosine=0.402031 prototype_offdiag_cosine_mean=0.640625 prototype_offdiag_cosine_max=0.832031 ssim=0.510330 lpips=0.656250 psnr=16.8357 speed: 0.08 it/s
[abs-train] step=1350 sample=scene0200_01:0 loss_rgb=3.5960 teacher_gs=0.1606 teacher_rgb=0.0025 teacher_eff=1.0000 inst=1.2221 inst_eff=0.0000 inst_w=0.050000 inst_unit_eff=0.0000 teacher_called=1 abs_grad=25781.59 abs_norm=16968.23 inst_grad=25.64 backbone_grad=0.00 teacher_grad=0.00 sem_grad=0.00 gaussians_source=absolute_student old_gs_head_calls=0 psnr=17.45
[INFO] step=1350 epoch=1 639/710 mem: 5.87/47.54G lr: [1e-05, 1e-05, 0.0001, 0.0001] loss: 3.820197 loss_rgb=3.595962 loss_feat=0.000000 loss_ce_cosine=0.000000 loss_boundary_rgb=0.000000 loss_instance_group=1.222070 loss_instance_contrastive=0.000000 loss_semantic_lifting=0.000000 semantic_adapter_grad_norm=0.000000 token_adapter_grad_norm=0.000000 prompt_adapter_grad_norm=0.000000 gaussian_feature_head_grad_norm=0.000000 temperature_grad_norm=0.000000 tokengs_grad_norm=0.000000 temperature=14.285715 semantic_token_variance=0.002490 semantic_token_adjacent_cosine=0.366417 prototype_offdiag_cosine_mean=0.734375 prototype_offdiag_cosine_max=0.851562 ssim=0.719177 lpips=0.609375 psnr=17.4522 speed: 0.09 it/s
[abs-train] step=1360 sample=scene0259_01:0 loss_rgb=2.6083 teacher_gs=0.1440 teacher_rgb=0.0018 teacher_eff=1.0000 inst=1.2216 inst_eff=0.0000 inst_w=0.050000 inst_unit_eff=0.0000 teacher_called=1 abs_grad=20633.74 abs_norm=16968.19 inst_grad=19.39 backbone_grad=0.00 teacher_grad=0.00 sem_grad=0.00 gaussians_source=absolute_student old_gs_head_calls=0 psnr=18.85
[INFO] step=1360 epoch=1 649/710 mem: 5.87/47.54G lr: [1e-05, 1e-05, 0.0001, 0.0001] loss: 2.815093 loss_rgb=2.608255 loss_feat=0.000000 loss_ce_cosine=0.000000 loss_boundary_rgb=0.000000 loss_instance_group=1.221648 loss_instance_contrastive=0.000000 loss_semantic_lifting=0.000000 semantic_adapter_grad_norm=0.000000 token_adapter_grad_norm=0.000000 prompt_adapter_grad_norm=0.000000 gaussian_feature_head_grad_norm=0.000000 temperature_grad_norm=0.000000 tokengs_grad_norm=0.000000 temperature=14.285715 semantic_token_variance=0.002644 semantic_token_adjacent_cosine=0.329227 prototype_offdiag_cosine_mean=0.750000 prototype_offdiag_cosine_max=0.851562 ssim=0.696268 lpips=0.597656 psnr=18.8468 speed: 0.09 it/s
[abs-train] step=1370 sample=scene0038_01:0 loss_rgb=1.3418 teacher_gs=0.1578 teacher_rgb=0.0013 teacher_eff=1.0000 inst=1.1821 inst_eff=0.0000 inst_w=0.050000 inst_unit_eff=0.0000 teacher_called=1 abs_grad=18697.22 abs_norm=16968.14 inst_grad=28.21 backbone_grad=0.00 teacher_grad=0.00 sem_grad=0.00 gaussians_source=absolute_student old_gs_head_calls=0 psnr=21.73
[INFO] step=1370 epoch=1 659/710 mem: 5.87/47.54G lr: [1e-05, 1e-05, 0.0001, 0.0001] loss: 1.560010 loss_rgb=1.341823 loss_feat=0.000000 loss_ce_cosine=0.000000 loss_boundary_rgb=0.000000 loss_instance_group=1.182113 loss_instance_contrastive=0.000000 loss_semantic_lifting=0.000000 semantic_adapter_grad_norm=0.000000 token_adapter_grad_norm=0.000000 prompt_adapter_grad_norm=0.000000 gaussian_feature_head_grad_norm=0.000000 temperature_grad_norm=0.000000 tokengs_grad_norm=0.000000 temperature=14.285715 semantic_token_variance=0.002465 semantic_token_adjacent_cosine=0.375010 prototype_offdiag_cosine_mean=0.718750 prototype_offdiag_cosine_max=0.851562 ssim=0.666961 lpips=0.675781 psnr=21.7334 speed: 0.09 it/s
[abs-ckpt] saved intra-epoch head checkpoint step=1375
[abs-train] step=1380 sample=scene0132_00:0 loss_rgb=2.3998 teacher_gs=0.1372 teacher_rgb=0.0032 teacher_eff=1.0000 inst=1.2242 inst_eff=0.0000 inst_w=0.050000 inst_unit_eff=0.0000 teacher_called=1 abs_grad=12737.44 abs_norm=16968.10 inst_grad=40.03 backbone_grad=0.00 teacher_grad=0.00 sem_grad=0.00 gaussians_source=absolute_student old_gs_head_calls=0 psnr=19.21
[INFO] step=1380 epoch=1 669/710 mem: 5.87/47.54G lr: [1e-05, 1e-05, 0.0001, 0.0001] loss: 2.601416 loss_rgb=2.399784 loss_feat=0.000000 loss_ce_cosine=0.000000 loss_boundary_rgb=0.000000 loss_instance_group=1.224203 loss_instance_contrastive=0.000000 loss_semantic_lifting=0.000000 semantic_adapter_grad_norm=0.000000 token_adapter_grad_norm=0.000000 prompt_adapter_grad_norm=0.000000 gaussian_feature_head_grad_norm=0.000000 temperature_grad_norm=0.000000 tokengs_grad_norm=0.000000 temperature=14.285715 semantic_token_variance=0.002696 semantic_token_adjacent_cosine=0.314248 prototype_offdiag_cosine_mean=0.750000 prototype_offdiag_cosine_max=0.851562 ssim=0.610245 lpips=0.644531 psnr=19.2086 speed: 0.10 it/s
[abs-train] step=1390 sample=scene0202_00:0 loss_rgb=3.2093 teacher_gs=0.1204 teacher_rgb=0.0058 teacher_eff=1.0000 inst=1.3090 inst_eff=0.0000 inst_w=0.050000 inst_unit_eff=0.0000 teacher_called=1 abs_grad=8954.37 abs_norm=16968.00 inst_grad=24.97 backbone_grad=0.00 teacher_grad=0.00 sem_grad=0.00 gaussians_source=absolute_student old_gs_head_calls=0 psnr=17.95
[INFO] step=1390 epoch=1 679/710 mem: 5.87/47.54G lr: [1e-05, 1e-05, 0.0001, 0.0001] loss: 3.400976 loss_rgb=3.209274 loss_feat=0.000000 loss_ce_cosine=0.000000 loss_boundary_rgb=0.000000 loss_instance_group=1.309020 loss_instance_contrastive=0.000000 loss_semantic_lifting=0.000000 semantic_adapter_grad_norm=0.000000 token_adapter_grad_norm=0.000000 prompt_adapter_grad_norm=0.000000 gaussian_feature_head_grad_norm=0.000000 temperature_grad_norm=0.000000 tokengs_grad_norm=0.000000 temperature=14.285715 semantic_token_variance=0.002767 semantic_token_adjacent_cosine=0.297197 prototype_offdiag_cosine_mean=0.648438 prototype_offdiag_cosine_max=0.832031 ssim=0.689585 lpips=0.554688 psnr=17.9462 speed: 0.08 it/s
[abs-train] step=1400 sample=scene0659_00:0 loss_rgb=0.6524 teacher_gs=0.1295 teacher_rgb=0.0011 teacher_eff=1.0000 inst=1.3133 inst_eff=0.0000 inst_w=0.050000 inst_unit_eff=0.0000 teacher_called=1 abs_grad=23133.06 abs_norm=16967.93 inst_grad=32.11 backbone_grad=0.00 teacher_grad=0.00 sem_grad=0.00 gaussians_source=absolute_student old_gs_head_calls=0 psnr=24.86
[INFO] step=1400 epoch=1 689/710 mem: 5.87/47.54G lr: [1e-05, 1e-05, 0.0001, 0.0001] loss: 0.848705 loss_rgb=0.652444 loss_feat=0.000000 loss_ce_cosine=0.000000 loss_boundary_rgb=0.000000 loss_instance_group=1.313297 loss_instance_contrastive=0.000000 loss_semantic_lifting=0.000000 semantic_adapter_grad_norm=0.000000 token_adapter_grad_norm=0.000000 prompt_adapter_grad_norm=0.000000 gaussian_feature_head_grad_norm=0.000000 temperature_grad_norm=0.000000 tokengs_grad_norm=0.000000 temperature=14.285715 semantic_token_variance=0.002464 semantic_token_adjacent_cosine=0.375313 prototype_offdiag_cosine_mean=0.656250 prototype_offdiag_cosine_max=0.851562 ssim=0.873410 lpips=0.457031 psnr=24.8649 speed: 0.11 it/s
[abs-train] step=1410 sample=scene0536_02:0 loss_rgb=4.3448 teacher_gs=0.1760 teacher_rgb=0.0076 teacher_eff=1.0000 inst=1.2098 inst_eff=0.0000 inst_w=0.050000 inst_unit_eff=0.0000 teacher_called=1 abs_grad=30770.93 abs_norm=16967.91 inst_grad=51.83 backbone_grad=0.00 teacher_grad=0.00 sem_grad=0.00 gaussians_source=absolute_student old_gs_head_calls=0 psnr=16.63
[INFO] step=1410 epoch=1 699/710 mem: 5.87/47.54G lr: [1e-05, 1e-05, 0.0001, 0.0001] loss: 4.588873 loss_rgb=4.344766 loss_feat=0.000000 loss_ce_cosine=0.000000 loss_boundary_rgb=0.000000 loss_instance_group=1.209793 loss_instance_contrastive=0.000000 loss_semantic_lifting=0.000000 semantic_adapter_grad_norm=0.000000 token_adapter_grad_norm=0.000000 prompt_adapter_grad_norm=0.000000 gaussian_feature_head_grad_norm=0.000000 temperature_grad_norm=0.000000 tokengs_grad_norm=0.000000 temperature=14.285715 semantic_token_variance=0.002622 semantic_token_adjacent_cosine=0.336682 prototype_offdiag_cosine_mean=0.750000 prototype_offdiag_cosine_max=0.851562 ssim=0.485676 lpips=0.722656 psnr=16.6306 speed: 0.08 it/s
[abs-train] step=1420 sample=scene0385_01:0 loss_rgb=1.3179 teacher_gs=0.1611 teacher_rgb=0.0024 teacher_eff=1.0000 inst=1.1638 inst_eff=0.0000 inst_w=0.050000 inst_unit_eff=0.0000 teacher_called=1 abs_grad=13111.08 abs_norm=16967.87 inst_grad=29.10 backbone_grad=0.00 teacher_grad=0.00 sem_grad=0.00 gaussians_source=absolute_student old_gs_head_calls=0 psnr=21.81
[INFO] step=1420 epoch=1 709/710 mem: 5.87/47.54G lr: [1e-05, 1e-05, 0.0001, 0.0001] loss: 1.539603 loss_rgb=1.317919 loss_feat=0.000000 loss_ce_cosine=0.000000 loss_boundary_rgb=0.000000 loss_instance_group=1.163802 loss_instance_contrastive=0.000000 loss_semantic_lifting=0.000000 semantic_adapter_grad_norm=0.000000 token_adapter_grad_norm=0.000000 prompt_adapter_grad_norm=0.000000 gaussian_feature_head_grad_norm=0.000000 temperature_grad_norm=0.000000 tokengs_grad_norm=0.000000 temperature=14.285715 semantic_token_variance=0.002366 semantic_token_adjacent_cosine=0.400924 prototype_offdiag_cosine_mean=0.750000 prototype_offdiag_cosine_max=0.851562 ssim=0.578789 lpips=0.671875 psnr=21.8114 speed: 0.09 it/s
[train] epoch: 1 loss: 2.705942 psnr: 19.6101
[abs-recon-epoch] epoch=1 samples_this_epoch=710 cumulative_step=1420
[eval] epoch: 1 psnr: 18.8492 (count=3)
[prompt-checkpoint] step=1420 path=/datapool/mawb/tokengs/workspace/semantic_v6_absolute_units_true_shared_head_only_m0_ddp8/checkpoints/model_step_001420.safetensors
[INFO] Setting RNG epoch to 2
[abs-train] step=1430 sample=scene0043_00:0 loss_rgb=1.0061 teacher_gs=0.1377 teacher_rgb=0.0016 teacher_eff=1.0000 inst=1.2712 inst_eff=0.0000 inst_w=0.050000 inst_unit_eff=0.0000 teacher_called=1 abs_grad=17325.89 abs_norm=16967.82 inst_grad=24.08 backbone_grad=0.00 teacher_grad=0.00 sem_grad=0.00 gaussians_source=absolute_student old_gs_head_calls=0 psnr=22.98
[INFO] step=1430 epoch=2 9/710 mem: 5.75/47.54G lr: [1e-05, 1e-05, 0.0001, 0.0001] loss: 1.208951 loss_rgb=1.006072 loss_feat=0.000000 loss_ce_cosine=0.000000 loss_boundary_rgb=0.000000 loss_instance_group=1.271156 loss_instance_contrastive=0.000000 loss_semantic_lifting=0.000000 semantic_adapter_grad_norm=0.000000 token_adapter_grad_norm=0.000000 prompt_adapter_grad_norm=0.000000 gaussian_feature_head_grad_norm=0.000000 temperature_grad_norm=0.000000 tokengs_grad_norm=0.000000 temperature=14.285715 semantic_token_variance=0.002625 semantic_token_adjacent_cosine=0.333029 prototype_offdiag_cosine_mean=0.742188 prototype_offdiag_cosine_max=0.832031 ssim=0.767645 lpips=0.589844 psnr=22.9840 speed: 0.08 it/s
[abs-train] step=1440 sample=scene0149_00:0 loss_rgb=3.3033 teacher_gs=0.1495 teacher_rgb=0.0060 teacher_eff=1.0000 inst=1.1674 inst_eff=0.0000 inst_w=0.050000 inst_unit_eff=0.0000 teacher_called=1 abs_grad=11701.45 abs_norm=16967.85 inst_grad=30.21 backbone_grad=0.00 teacher_grad=0.00 sem_grad=0.00 gaussians_source=absolute_student old_gs_head_calls=0 psnr=17.82
[INFO] step=1440 epoch=2 19/710 mem: 5.75/47.54G lr: [1e-05, 1e-05, 0.0001, 0.0001] loss: 3.517187 loss_rgb=3.303324 loss_feat=0.000000 loss_ce_cosine=0.000000 loss_boundary_rgb=0.000000 loss_instance_group=1.167351 loss_instance_contrastive=0.000000 loss_semantic_lifting=0.000000 semantic_adapter_grad_norm=0.000000 token_adapter_grad_norm=0.000000 prompt_adapter_grad_norm=0.000000 gaussian_feature_head_grad_norm=0.000000 temperature_grad_norm=0.000000 tokengs_grad_norm=0.000000 temperature=14.285715 semantic_token_variance=0.002342 semantic_token_adjacent_cosine=0.406112 prototype_offdiag_cosine_mean=0.750000 prototype_offdiag_cosine_max=0.851562 ssim=0.641858 lpips=0.617188 psnr=17.8208 speed: 0.08 it/s
[abs-train] step=1450 sample=scene0282_00:0 loss_rgb=1.6651 teacher_gs=0.1659 teacher_rgb=0.0015 teacher_eff=1.0000 inst=1.1960 inst_eff=0.0000 inst_w=0.050000 inst_unit_eff=0.0000 teacher_called=1 abs_grad=14319.81 abs_norm=16967.85 inst_grad=21.80 backbone_grad=0.00 teacher_grad=0.00 sem_grad=0.00 gaussians_source=absolute_student old_gs_head_calls=0 psnr=20.80
[INFO] step=1450 epoch=2 29/710 mem: 5.75/47.54G lr: [1e-05, 1e-05, 0.0001, 0.0001] loss: 1.892272 loss_rgb=1.665059 loss_feat=0.000000 loss_ce_cosine=0.000000 loss_boundary_rgb=0.000000 loss_instance_group=1.196023 loss_instance_contrastive=0.000000 loss_semantic_lifting=0.000000 semantic_adapter_grad_norm=0.000000 token_adapter_grad_norm=0.000000 prompt_adapter_grad_norm=0.000000 gaussian_feature_head_grad_norm=0.000000 temperature_grad_norm=0.000000 tokengs_grad_norm=0.000000 temperature=14.285715 semantic_token_variance=0.002299 semantic_token_adjacent_cosine=0.417255 prototype_offdiag_cosine_mean=0.750000 prototype_offdiag_cosine_max=0.851562 ssim=0.578317 lpips=0.621094 psnr=20.7960 speed: 0.07 it/s
[abs-train] step=1460 sample=scene0611_01:0 loss_rgb=4.4007 teacher_gs=0.1741 teacher_rgb=0.0047 teacher_eff=1.0000 inst=1.2624 inst_eff=0.0000 inst_w=0.050000 inst_unit_eff=0.0000 teacher_called=1 abs_grad=19634.92 abs_norm=16967.93 inst_grad=32.23 backbone_grad=0.00 teacher_grad=0.00 sem_grad=0.00 gaussians_source=absolute_student old_gs_head_calls=0 psnr=16.58
[INFO] step=1460 epoch=2 39/710 mem: 5.75/47.54G lr: [1e-05, 1e-05, 0.0001, 0.0001] loss: 4.642628 loss_rgb=4.400685 loss_feat=0.000000 loss_ce_cosine=0.000000 loss_boundary_rgb=0.000000 loss_instance_group=1.262408 loss_instance_contrastive=0.000000 loss_semantic_lifting=0.000000 semantic_adapter_grad_norm=0.000000 token_adapter_grad_norm=0.000000 prompt_adapter_grad_norm=0.000000 gaussian_feature_head_grad_norm=0.000000 temperature_grad_norm=0.000000 tokengs_grad_norm=0.000000 temperature=14.285715 semantic_token_variance=0.002541 semantic_token_adjacent_cosine=0.355227 prototype_offdiag_cosine_mean=0.714844 prototype_offdiag_cosine_max=0.851562 ssim=0.660498 lpips=0.621094 psnr=16.5751 speed: 0.10 it/s
[abs-train] step=1470 sample=scene0180_00:0 loss_rgb=1.5385 teacher_gs=0.1466 teacher_rgb=0.0024 teacher_eff=1.0000 inst=1.1348 inst_eff=0.0000 inst_w=0.050000 inst_unit_eff=0.0000 teacher_called=1 abs_grad=20012.33 abs_norm=16967.98 inst_grad=39.78 backbone_grad=0.00 teacher_grad=0.00 sem_grad=0.00 gaussians_source=absolute_student old_gs_head_calls=0 psnr=21.14
[INFO] step=1470 epoch=2 49/710 mem: 5.75/47.54G lr: [1e-05, 1e-05, 0.0001, 0.0001] loss: 1.744290 loss_rgb=1.538518 loss_feat=0.000000 loss_ce_cosine=0.000000 loss_boundary_rgb=0.000000 loss_instance_group=1.134778 loss_instance_contrastive=0.000000 loss_semantic_lifting=0.000000 semantic_adapter_grad_norm=0.000000 token_adapter_grad_norm=0.000000 prompt_adapter_grad_norm=0.000000 gaussian_feature_head_grad_norm=0.000000 temperature_grad_norm=0.000000 tokengs_grad_norm=0.000000 temperature=14.285715 semantic_token_variance=0.002512 semantic_token_adjacent_cosine=0.362938 prototype_offdiag_cosine_mean=0.742188 prototype_offdiag_cosine_max=0.851562 ssim=0.810525 lpips=0.507812 psnr=21.1393 speed: 0.07 it/s
[abs-train] step=1480 sample=scene0670_00:0 loss_rgb=1.1563 teacher_gs=0.1466 teacher_rgb=0.0020 teacher_eff=1.0000 inst=1.1156 inst_eff=0.0000 inst_w=0.050000 inst_unit_eff=0.0000 teacher_called=1 abs_grad=18236.56 abs_norm=16967.88 inst_grad=33.58 backbone_grad=0.00 teacher_grad=0.00 sem_grad=0.00 gaussians_source=absolute_student old_gs_head_calls=0 psnr=22.38
[INFO] step=1480 epoch=2 59/710 mem: 5.75/47.54G lr: [1e-05, 1e-05, 0.0001, 0.0001] loss: 1.360682 loss_rgb=1.156291 loss_feat=0.000000 loss_ce_cosine=0.000000 loss_boundary_rgb=0.000000 loss_instance_group=1.115611 loss_instance_contrastive=0.000000 loss_semantic_lifting=0.000000 semantic_adapter_grad_norm=0.000000 token_adapter_grad_norm=0.000000 prompt_adapter_grad_norm=0.000000 gaussian_feature_head_grad_norm=0.000000 temperature_grad_norm=0.000000 tokengs_grad_norm=0.000000 temperature=14.285715 semantic_token_variance=0.002460 semantic_token_adjacent_cosine=0.375162 prototype_offdiag_cosine_mean=0.750000 prototype_offdiag_cosine_max=0.851562 ssim=0.722657 lpips=0.578125 psnr=22.3796 speed: 0.08 it/s
[abs-train] step=1490 sample=scene0072_01:0 loss_rgb=2.3766 teacher_gs=0.1463 teacher_rgb=0.0022 teacher_eff=1.0000 inst=1.3041 inst_eff=0.0000 inst_w=0.050000 inst_unit_eff=0.0000 teacher_called=1 abs_grad=15314.55 abs_norm=16967.87 inst_grad=30.65 backbone_grad=0.00 teacher_grad=0.00 sem_grad=0.00 gaussians_source=absolute_student old_gs_head_calls=0 psnr=19.25
[INFO] step=1490 epoch=2 69/710 mem: 5.75/47.54G lr: [1e-05, 1e-05, 0.0001, 0.0001] loss: 2.590275 loss_rgb=2.376590 loss_feat=0.000000 loss_ce_cosine=0.000000 loss_boundary_rgb=0.000000 loss_instance_group=1.304100 loss_instance_contrastive=0.000000 loss_semantic_lifting=0.000000 semantic_adapter_grad_norm=0.000000 token_adapter_grad_norm=0.000000 prompt_adapter_grad_norm=0.000000 gaussian_feature_head_grad_norm=0.000000 temperature_grad_norm=0.000000 tokengs_grad_norm=0.000000 temperature=14.285715 semantic_token_variance=0.002507 semantic_token_adjacent_cosine=0.363333 prototype_offdiag_cosine_mean=0.750000 prototype_offdiag_cosine_max=0.851562 ssim=0.747204 lpips=0.609375 psnr=19.2508 speed: 0.09 it/s
[abs-train] step=1500 sample=scene0270_02:0 loss_rgb=1.6572 teacher_gs=0.1513 teacher_rgb=0.0019 teacher_eff=1.0000 inst=1.3267 inst_eff=0.0000 inst_w=0.050000 inst_unit_eff=0.0000 teacher_called=1 abs_grad=24473.61 abs_norm=16967.83 inst_grad=20.04 backbone_grad=0.00 teacher_grad=0.00 sem_grad=0.00 gaussians_source=absolute_student old_gs_head_calls=0 psnr=20.82
[INFO] step=1500 epoch=2 79/710 mem: 5.75/47.54G lr: [1e-05, 1e-05, 0.0001, 0.0001] loss: 1.876694 loss_rgb=1.657152 loss_feat=0.000000 loss_ce_cosine=0.000000 loss_boundary_rgb=0.000000 loss_instance_group=1.326734 loss_instance_contrastive=0.000000 loss_semantic_lifting=0.000000 semantic_adapter_grad_norm=0.000000 token_adapter_grad_norm=0.000000 prompt_adapter_grad_norm=0.000000 gaussian_feature_head_grad_norm=0.000000 temperature_grad_norm=0.000000 tokengs_grad_norm=0.000000 temperature=14.285715 semantic_token_variance=0.002538 semantic_token_adjacent_cosine=0.354085 prototype_offdiag_cosine_mean=0.742188 prototype_offdiag_cosine_max=0.851562 ssim=0.688514 lpips=0.539062 psnr=20.8167 speed: 0.08 it/s
[abs-ckpt] saved intra-epoch head checkpoint step=1500
[abs-train] step=1510 sample=scene0055_00:0 loss_rgb=2.3959 teacher_gs=0.1642 teacher_rgb=0.0034 teacher_eff=1.0000 inst=1.2874 inst_eff=0.0000 inst_w=0.050000 inst_unit_eff=0.0000 teacher_called=1 abs_grad=11586.02 abs_norm=16967.79 inst_grad=22.43 backbone_grad=0.00 teacher_grad=0.00 sem_grad=0.00 gaussians_source=absolute_student old_gs_head_calls=0 psnr=19.22
[INFO] step=1510 epoch=2 89/710 mem: 5.75/47.54G lr: [1e-05, 1e-05, 0.0001, 0.0001] loss: 2.627908 loss_rgb=2.395862 loss_feat=0.000000 loss_ce_cosine=0.000000 loss_boundary_rgb=0.000000 loss_instance_group=1.287397 loss_instance_contrastive=0.000000 loss_semantic_lifting=0.000000 semantic_adapter_grad_norm=0.000000 token_adapter_grad_norm=0.000000 prompt_adapter_grad_norm=0.000000 gaussian_feature_head_grad_norm=0.000000 temperature_grad_norm=0.000000 tokengs_grad_norm=0.000000 temperature=14.285715 semantic_token_variance=0.002476 semantic_token_adjacent_cosine=0.373463 prototype_offdiag_cosine_mean=0.746094 prototype_offdiag_cosine_max=0.851562 ssim=0.701250 lpips=0.617188 psnr=19.2157 speed: 0.09 it/s
[abs-train] step=1520 sample=scene0101_05:0 loss_rgb=3.5321 teacher_gs=0.1657 teacher_rgb=0.0056 teacher_eff=1.0000 inst=1.2099 inst_eff=0.0000 inst_w=0.050000 inst_unit_eff=0.0000 teacher_called=1 abs_grad=12259.43 abs_norm=16967.84 inst_grad=20.89 backbone_grad=0.00 teacher_grad=0.00 sem_grad=0.00 gaussians_source=absolute_student old_gs_head_calls=0 psnr=17.53
[INFO] step=1520 epoch=2 99/710 mem: 5.75/47.54G lr: [1e-05, 1e-05, 0.0001, 0.0001] loss: 3.763876 loss_rgb=3.532067 loss_feat=0.000000 loss_ce_cosine=0.000000 loss_boundary_rgb=0.000000 loss_instance_group=1.209927 loss_instance_contrastive=0.000000 loss_semantic_lifting=0.000000 semantic_adapter_grad_norm=0.000000 token_adapter_grad_norm=0.000000 prompt_adapter_grad_norm=0.000000 gaussian_feature_head_grad_norm=0.000000 temperature_grad_norm=0.000000 tokengs_grad_norm=0.000000 temperature=14.285715 semantic_token_variance=0.002486 semantic_token_adjacent_cosine=0.364106 prototype_offdiag_cosine_mean=0.750000 prototype_offdiag_cosine_max=0.851562 ssim=0.545804 lpips=0.667969 psnr=17.5300 speed: 0.09 it/s
[abs-train] step=1530 sample=scene0132_02:0 loss_rgb=1.8598 teacher_gs=0.1670 teacher_rgb=0.0040 teacher_eff=1.0000 inst=1.2268 inst_eff=0.0000 inst_w=0.050000 inst_unit_eff=0.0000 teacher_called=1 abs_grad=7703.50 abs_norm=16967.91 inst_grad=25.37 backbone_grad=0.00 teacher_grad=0.00 sem_grad=0.00 gaussians_source=absolute_student old_gs_head_calls=0 psnr=20.32
[INFO] step=1530 epoch=2 109/710 mem: 5.75/47.54G lr: [1e-05, 1e-05, 0.0001, 0.0001] loss: 2.092103 loss_rgb=1.859836 loss_feat=0.000000 loss_ce_cosine=0.000000 loss_boundary_rgb=0.000000 loss_instance_group=1.226842 loss_instance_contrastive=0.000000 loss_semantic_lifting=0.000000 semantic_adapter_grad_norm=0.000000 token_adapter_grad_norm=0.000000 prompt_adapter_grad_norm=0.000000 gaussian_feature_head_grad_norm=0.000000 temperature_grad_norm=0.000000 tokengs_grad_norm=0.000000 temperature=14.285715 semantic_token_variance=0.002403 semantic_token_adjacent_cosine=0.388003 prototype_offdiag_cosine_mean=0.609375 prototype_offdiag_cosine_max=0.851562 ssim=0.637108 lpips=0.609375 psnr=20.3156 speed: 0.09 it/s
[abs-train] step=1540 sample=scene0269_01:0 loss_rgb=1.9505 teacher_gs=0.1553 teacher_rgb=0.0052 teacher_eff=1.0000 inst=0.8501 inst_eff=0.0000 inst_w=0.050000 inst_unit_eff=0.0000 teacher_called=1 abs_grad=19214.04 abs_norm=16967.92 inst_grad=25.48 backbone_grad=0.00 teacher_grad=0.00 sem_grad=0.00 gaussians_source=absolute_student old_gs_head_calls=0 psnr=20.11
[INFO] step=1540 epoch=2 119/710 mem: 5.75/47.54G lr: [1e-05, 1e-05, 0.0001, 0.0001] loss: 2.153485 loss_rgb=1.950465 loss_feat=0.000000 loss_ce_cosine=0.000000 loss_boundary_rgb=0.000000 loss_instance_group=0.850070 loss_instance_contrastive=0.000000 loss_semantic_lifting=0.000000 semantic_adapter_grad_norm=0.000000 token_adapter_grad_norm=0.000000 prompt_adapter_grad_norm=0.000000 gaussian_feature_head_grad_norm=0.000000 temperature_grad_norm=0.000000 tokengs_grad_norm=0.000000 temperature=14.285715 semantic_token_variance=0.002557 semantic_token_adjacent_cosine=0.356103 prototype_offdiag_cosine_mean=0.726562 prototype_offdiag_cosine_max=0.851562 ssim=0.767310 lpips=0.605469 psnr=20.1089 speed: 0.08 it/s
[abs-train] step=1550 sample=scene0132_00:0 loss_rgb=2.4143 teacher_gs=0.1370 teacher_rgb=0.0032 teacher_eff=1.0000 inst=1.2227 inst_eff=0.0000 inst_w=0.050000 inst_unit_eff=0.0000 teacher_called=1 abs_grad=9435.20 abs_norm=16967.94 inst_grad=25.51 backbone_grad=0.00 teacher_grad=0.00 sem_grad=0.00 gaussians_source=absolute_student old_gs_head_calls=0 psnr=19.18
[INFO] step=1550 epoch=2 129/710 mem: 5.76/47.54G lr: [1e-05, 1e-05, 0.0001, 0.0001] loss: 2.615667 loss_rgb=2.414288 loss_feat=0.000000 loss_ce_cosine=0.000000 loss_boundary_rgb=0.000000 loss_instance_group=1.222702 loss_instance_contrastive=0.000000 loss_semantic_lifting=0.000000 semantic_adapter_grad_norm=0.000000 token_adapter_grad_norm=0.000000 prompt_adapter_grad_norm=0.000000 gaussian_feature_head_grad_norm=0.000000 temperature_grad_norm=0.000000 tokengs_grad_norm=0.000000 temperature=14.285715 semantic_token_variance=0.002696 semantic_token_adjacent_cosine=0.314248 prototype_offdiag_cosine_mean=0.750000 prototype_offdiag_cosine_max=0.851562 ssim=0.610026 lpips=0.644531 psnr=19.1824 speed: 0.09 it/s
[abs-train] step=1560 sample=scene0380_00:0 loss_rgb=4.8376 teacher_gs=0.1517 teacher_rgb=0.0028 teacher_eff=1.0000 inst=1.2700 inst_eff=0.0000 inst_w=0.050000 inst_unit_eff=0.0000 teacher_called=1 abs_grad=10702.19 abs_norm=16967.89 inst_grad=22.60 backbone_grad=0.00 teacher_grad=0.00 sem_grad=0.00 gaussians_source=absolute_student old_gs_head_calls=0 psnr=16.16
[INFO] step=1560 epoch=2 139/710 mem: 5.76/47.54G lr: [1e-05, 1e-05, 0.0001, 0.0001] loss: 5.055513 loss_rgb=4.837558 loss_feat=0.000000 loss_ce_cosine=0.000000 loss_boundary_rgb=0.000000 loss_instance_group=1.269973 loss_instance_contrastive=0.000000 loss_semantic_lifting=0.000000 semantic_adapter_grad_norm=0.000000 token_adapter_grad_norm=0.000000 prompt_adapter_grad_norm=0.000000 gaussian_feature_head_grad_norm=0.000000 temperature_grad_norm=0.000000 tokengs_grad_norm=0.000000 temperature=14.285715 semantic_token_variance=0.002551 semantic_token_adjacent_cosine=0.353474 prototype_offdiag_cosine_mean=0.730469 prototype_offdiag_cosine_max=0.832031 ssim=0.612011 lpips=0.632812 psnr=16.1640 speed: 0.10 it/s
[abs-train] step=1570 sample=scene0001_01:0 loss_rgb=1.6465 teacher_gs=0.1332 teacher_rgb=0.0030 teacher_eff=1.0000 inst=1.2153 inst_eff=0.0000 inst_w=0.050000 inst_unit_eff=0.0000 teacher_called=1 abs_grad=7702.93 abs_norm=16967.84 inst_grad=22.21 backbone_grad=0.00 teacher_grad=0.00 sem_grad=0.00 gaussians_source=absolute_student old_gs_head_calls=0 psnr=20.84
[INFO] step=1570 epoch=2 149/710 mem: 5.76/47.54G lr: [1e-05, 1e-05, 0.0001, 0.0001] loss: 1.843399 loss_rgb=1.646504 loss_feat=0.000000 loss_ce_cosine=0.000000 loss_boundary_rgb=0.000000 loss_instance_group=1.215347 loss_instance_contrastive=0.000000 loss_semantic_lifting=0.000000 semantic_adapter_grad_norm=0.000000 token_adapter_grad_norm=0.000000 prompt_adapter_grad_norm=0.000000 gaussian_feature_head_grad_norm=0.000000 temperature_grad_norm=0.000000 tokengs_grad_norm=0.000000 temperature=14.285715 semantic_token_variance=0.002546 semantic_token_adjacent_cosine=0.352330 prototype_offdiag_cosine_mean=0.750000 prototype_offdiag_cosine_max=0.851562 ssim=0.728629 lpips=0.601562 psnr=20.8447 speed: 0.11 it/s
[abs-train] step=1580 sample=scene0101_04:0 loss_rgb=2.3067 teacher_gs=0.1768 teacher_rgb=0.0032 teacher_eff=1.0000 inst=1.1111 inst_eff=0.0000 inst_w=0.050000 inst_unit_eff=0.0000 teacher_called=1 abs_grad=8775.57 abs_norm=16967.83 inst_grad=25.34 backbone_grad=0.00 teacher_grad=0.00 sem_grad=0.00 gaussians_source=absolute_student old_gs_head_calls=0 psnr=19.38
[INFO] step=1580 epoch=2 159/710 mem: 5.76/47.54G lr: [1e-05, 1e-05, 0.0001, 0.0001] loss: 2.542277 loss_rgb=2.306732 loss_feat=0.000000 loss_ce_cosine=0.000000 loss_boundary_rgb=0.000000 loss_instance_group=1.111129 loss_instance_contrastive=0.000000 loss_semantic_lifting=0.000000 semantic_adapter_grad_norm=0.000000 token_adapter_grad_norm=0.000000 prompt_adapter_grad_norm=0.000000 gaussian_feature_head_grad_norm=0.000000 temperature_grad_norm=0.000000 tokengs_grad_norm=0.000000 temperature=14.285715 semantic_token_variance=0.002488 semantic_token_adjacent_cosine=0.364703 prototype_offdiag_cosine_mean=0.750000 prototype_offdiag_cosine_max=0.851562 ssim=0.570061 lpips=0.648438 psnr=19.3803 speed: 0.08 it/s
[abs-train] step=1590 sample=scene0046_02:0 loss_rgb=3.0436 teacher_gs=0.1564 teacher_rgb=0.0036 teacher_eff=1.0000 inst=1.3613 inst_eff=0.0000 inst_w=0.050000 inst_unit_eff=0.0000 teacher_called=1 abs_grad=11801.10 abs_norm=16967.82 inst_grad=23.47 backbone_grad=0.00 teacher_grad=0.00 sem_grad=0.00 gaussians_source=absolute_student old_gs_head_calls=0 psnr=18.18
[INFO] step=1590 epoch=2 169/710 mem: 5.77/47.54G lr: [1e-05, 1e-05, 0.0001, 0.0001] loss: 3.271683 loss_rgb=3.043596 loss_feat=0.000000 loss_ce_cosine=0.000000 loss_boundary_rgb=0.000000 loss_instance_group=1.361345 loss_instance_contrastive=0.000000 loss_semantic_lifting=0.000000 semantic_adapter_grad_norm=0.000000 token_adapter_grad_norm=0.000000 prompt_adapter_grad_norm=0.000000 gaussian_feature_head_grad_norm=0.000000 temperature_grad_norm=0.000000 tokengs_grad_norm=0.000000 temperature=14.285715 semantic_token_variance=0.002561 semantic_token_adjacent_cosine=0.349329 prototype_offdiag_cosine_mean=0.738281 prototype_offdiag_cosine_max=0.851562 ssim=0.617977 lpips=0.703125 psnr=18.1764 speed: 0.09 it/s
[abs-train] step=1600 sample=scene0321_00:0 loss_rgb=1.7696 teacher_gs=0.1479 teacher_rgb=0.0014 teacher_eff=1.0000 inst=1.1814 inst_eff=0.0000 inst_w=0.050000 inst_unit_eff=0.0000 teacher_called=1 abs_grad=8078.61 abs_norm=16967.86 inst_grad=30.31 backbone_grad=0.00 teacher_grad=0.00 sem_grad=0.00 gaussians_source=absolute_student old_gs_head_calls=0 psnr=20.53
[INFO] step=1600 epoch=2 179/710 mem: 5.77/47.54G lr: [1e-05, 1e-05, 0.0001, 0.0001] loss: 1.977950 loss_rgb=1.769555 loss_feat=0.000000 loss_ce_cosine=0.000000 loss_boundary_rgb=0.000000 loss_instance_group=1.181392 loss_instance_contrastive=0.000000 loss_semantic_lifting=0.000000 semantic_adapter_grad_norm=0.000000 token_adapter_grad_norm=0.000000 prompt_adapter_grad_norm=0.000000 gaussian_feature_head_grad_norm=0.000000 temperature_grad_norm=0.000000 tokengs_grad_norm=0.000000 temperature=14.285715 semantic_token_variance=0.002604 semantic_token_adjacent_cosine=0.338234 prototype_offdiag_cosine_mean=0.750000 prototype_offdiag_cosine_max=0.851562 ssim=0.811702 lpips=0.585938 psnr=20.5317 speed: 0.09 it/s
[abs-train] step=1610 sample=scene0421_01:0 loss_rgb=1.9766 teacher_gs=0.1595 teacher_rgb=0.0029 teacher_eff=1.0000 inst=1.1679 inst_eff=0.0000 inst_w=0.050000 inst_unit_eff=0.0000 teacher_called=1 abs_grad=22089.71 abs_norm=16967.85 inst_grad=33.06 backbone_grad=0.00 teacher_grad=0.00 sem_grad=0.00 gaussians_source=absolute_student old_gs_head_calls=0 psnr=20.05
[INFO] step=1610 epoch=2 189/710 mem: 5.77/47.54G lr: [1e-05, 1e-05, 0.0001, 0.0001] loss: 2.197339 loss_rgb=1.976611 loss_feat=0.000000 loss_ce_cosine=0.000000 loss_boundary_rgb=0.000000 loss_instance_group=1.167919 loss_instance_contrastive=0.000000 loss_semantic_lifting=0.000000 semantic_adapter_grad_norm=0.000000 token_adapter_grad_norm=0.000000 prompt_adapter_grad_norm=0.000000 gaussian_feature_head_grad_norm=0.000000 temperature_grad_norm=0.000000 tokengs_grad_norm=0.000000 temperature=14.285715 semantic_token_variance=0.002396 semantic_token_adjacent_cosine=0.390692 prototype_offdiag_cosine_mean=0.613281 prototype_offdiag_cosine_max=0.851562 ssim=0.567105 lpips=0.664062 psnr=20.0511 speed: 0.08 it/s
[abs-train] step=1620 sample=scene0364_01:0 loss_rgb=3.2892 teacher_gs=0.1743 teacher_rgb=0.0030 teacher_eff=1.0000 inst=1.0705 inst_eff=0.0000 inst_w=0.050000 inst_unit_eff=0.0000 teacher_called=1 abs_grad=19835.85 abs_norm=16967.92 inst_grad=30.33 backbone_grad=0.00 teacher_grad=0.00 sem_grad=0.00 gaussians_source=absolute_student old_gs_head_calls=0 psnr=17.84
[INFO] step=1620 epoch=2 199/710 mem: 5.77/47.54G lr: [1e-05, 1e-05, 0.0001, 0.0001] loss: 3.520046 loss_rgb=3.289199 loss_feat=0.000000 loss_ce_cosine=0.000000 loss_boundary_rgb=0.000000 loss_instance_group=1.070543 loss_instance_contrastive=0.000000 loss_semantic_lifting=0.000000 semantic_adapter_grad_norm=0.000000 token_adapter_grad_norm=0.000000 prompt_adapter_grad_norm=0.000000 gaussian_feature_head_grad_norm=0.000000 temperature_grad_norm=0.000000 tokengs_grad_norm=0.000000 temperature=14.285715 semantic_token_variance=0.002323 semantic_token_adjacent_cosine=0.412293 prototype_offdiag_cosine_mean=0.687500 prototype_offdiag_cosine_max=0.851562 ssim=0.668270 lpips=0.617188 psnr=17.8394 speed: 0.09 it/s
[abs-ckpt] saved intra-epoch head checkpoint step=1625
[abs-train] step=1630 sample=scene0087_00:0 loss_rgb=1.3305 teacher_gs=0.1614 teacher_rgb=0.0013 teacher_eff=1.0000 inst=1.2326 inst_eff=0.0000 inst_w=0.050000 inst_unit_eff=0.0000 teacher_called=1 abs_grad=19046.68 abs_norm=16967.97 inst_grad=33.60 backbone_grad=0.00 teacher_grad=0.00 sem_grad=0.00 gaussians_source=absolute_student old_gs_head_calls=0 psnr=21.77
[INFO] step=1630 epoch=2 209/710 mem: 5.77/47.54G lr: [1e-05, 1e-05, 0.0001, 0.0001] loss: 1.554861 loss_rgb=1.330514 loss_feat=0.000000 loss_ce_cosine=0.000000 loss_boundary_rgb=0.000000 loss_instance_group=1.232582 loss_instance_contrastive=0.000000 loss_semantic_lifting=0.000000 semantic_adapter_grad_norm=0.000000 token_adapter_grad_norm=0.000000 prompt_adapter_grad_norm=0.000000 gaussian_feature_head_grad_norm=0.000000 temperature_grad_norm=0.000000 tokengs_grad_norm=0.000000 temperature=14.285715 semantic_token_variance=0.002407 semantic_token_adjacent_cosine=0.390279 prototype_offdiag_cosine_mean=0.617188 prototype_offdiag_cosine_max=0.851562 ssim=0.841908 lpips=0.554688 psnr=21.7701 speed: 0.09 it/s
[abs-train] step=1640 sample=scene0114_02:0 loss_rgb=4.4753 teacher_gs=0.1441 teacher_rgb=0.0030 teacher_eff=1.0000 inst=1.2316 inst_eff=0.0000 inst_w=0.050000 inst_unit_eff=0.0000 teacher_called=1 abs_grad=23085.99 abs_norm=16967.95 inst_grad=24.75 backbone_grad=0.00 teacher_grad=0.00 sem_grad=0.00 gaussians_source=absolute_student old_gs_head_calls=0 psnr=16.50
[INFO] step=1640 epoch=2 219/710 mem: 5.81/47.54G lr: [1e-05, 1e-05, 0.0001, 0.0001] loss: 4.683949 loss_rgb=4.475266 loss_feat=0.000000 loss_ce_cosine=0.000000 loss_boundary_rgb=0.000000 loss_instance_group=1.231560 loss_instance_contrastive=0.000000 loss_semantic_lifting=0.000000 semantic_adapter_grad_norm=0.000000 token_adapter_grad_norm=0.000000 prompt_adapter_grad_norm=0.000000 gaussian_feature_head_grad_norm=0.000000 temperature_grad_norm=0.000000 tokengs_grad_norm=0.000000 temperature=14.285715 semantic_token_variance=0.002585 semantic_token_adjacent_cosine=0.344156 prototype_offdiag_cosine_mean=0.734375 prototype_offdiag_cosine_max=0.851562 ssim=0.553378 lpips=0.632812 psnr=16.5021 speed: 0.08 it/s
[abs-train] step=1650 sample=scene0155_02:0 loss_rgb=1.6171 teacher_gs=0.1564 teacher_rgb=0.0021 teacher_eff=1.0000 inst=1.1207 inst_eff=0.0000 inst_w=0.050000 inst_unit_eff=0.0000 teacher_called=1 abs_grad=13830.82 abs_norm=16967.90 inst_grad=30.07 backbone_grad=0.00 teacher_grad=0.00 sem_grad=0.00 gaussians_source=absolute_student old_gs_head_calls=0 psnr=20.92
[INFO] step=1650 epoch=2 229/710 mem: 5.81/47.54G lr: [1e-05, 1e-05, 0.0001, 0.0001] loss: 1.831632 loss_rgb=1.617144 loss_feat=0.000000 loss_ce_cosine=0.000000 loss_boundary_rgb=0.000000 loss_instance_group=1.120730 loss_instance_contrastive=0.000000 loss_semantic_lifting=0.000000 semantic_adapter_grad_norm=0.000000 token_adapter_grad_norm=0.000000 prompt_adapter_grad_norm=0.000000 gaussian_feature_head_grad_norm=0.000000 temperature_grad_norm=0.000000 tokengs_grad_norm=0.000000 temperature=14.285715 semantic_token_variance=0.002478 semantic_token_adjacent_cosine=0.371214 prototype_offdiag_cosine_mean=0.750000 prototype_offdiag_cosine_max=0.851562 ssim=0.678470 lpips=0.617188 psnr=20.9228 speed: 0.11 it/s
[abs-train] step=1660 sample=scene0025_01:0 loss_rgb=2.6762 teacher_gs=0.1477 teacher_rgb=0.0025 teacher_eff=1.0000 inst=1.0794 inst_eff=0.0000 inst_w=0.050000 inst_unit_eff=0.0000 teacher_called=1 abs_grad=21058.26 abs_norm=16967.78 inst_grad=26.30 backbone_grad=0.00 teacher_grad=0.00 sem_grad=0.00 gaussians_source=absolute_student old_gs_head_calls=0 psnr=18.74
[INFO] step=1660 epoch=2 239/710 mem: 5.81/47.54G lr: [1e-05, 1e-05, 0.0001, 0.0001] loss: 2.880391 loss_rgb=2.676234 loss_feat=0.000000 loss_ce_cosine=0.000000 loss_boundary_rgb=0.000000 loss_instance_group=1.079396 loss_instance_contrastive=0.000000 loss_semantic_lifting=0.000000 semantic_adapter_grad_norm=0.000000 token_adapter_grad_norm=0.000000 prompt_adapter_grad_norm=0.000000 gaussian_feature_head_grad_norm=0.000000 temperature_grad_norm=0.000000 tokengs_grad_norm=0.000000 temperature=14.285715 semantic_token_variance=0.002531 semantic_token_adjacent_cosine=0.359096 prototype_offdiag_cosine_mean=0.750000 prototype_offdiag_cosine_max=0.851562 ssim=0.747190 lpips=0.582031 psnr=18.7351 speed: 0.08 it/s
[abs-train] step=1670 sample=scene0031_00:0 loss_rgb=3.2053 teacher_gs=0.1402 teacher_rgb=0.0027 teacher_eff=1.0000 inst=1.0480 inst_eff=0.0000 inst_w=0.050000 inst_unit_eff=0.0000 teacher_called=1 abs_grad=14735.17 abs_norm=16967.72 inst_grad=23.52 backbone_grad=0.00 teacher_grad=0.00 sem_grad=0.00 gaussians_source=absolute_student old_gs_head_calls=0 psnr=17.95
[INFO] step=1670 epoch=2 249/710 mem: 5.81/47.54G lr: [1e-05, 1e-05, 0.0001, 0.0001] loss: 3.400613 loss_rgb=3.205311 loss_feat=0.000000 loss_ce_cosine=0.000000 loss_boundary_rgb=0.000000 loss_instance_group=1.048033 loss_instance_contrastive=0.000000 loss_semantic_lifting=0.000000 semantic_adapter_grad_norm=0.000000 token_adapter_grad_norm=0.000000 prompt_adapter_grad_norm=0.000000 gaussian_feature_head_grad_norm=0.000000 temperature_grad_norm=0.000000 tokengs_grad_norm=0.000000 temperature=14.285715 semantic_token_variance=0.002550 semantic_token_adjacent_cosine=0.350941 prototype_offdiag_cosine_mean=0.671875 prototype_offdiag_cosine_max=0.832031 ssim=0.618842 lpips=0.667969 psnr=17.9516 speed: 0.09 it/s
[abs-train] step=1680 sample=scene0062_00:0 loss_rgb=2.4946 teacher_gs=0.1638 teacher_rgb=0.0019 teacher_eff=1.0000 inst=1.1054 inst_eff=0.0000 inst_w=0.050000 inst_unit_eff=0.0000 teacher_called=1 abs_grad=21158.13 abs_norm=16967.68 inst_grad=24.23 backbone_grad=0.00 teacher_grad=0.00 sem_grad=0.00 gaussians_source=absolute_student old_gs_head_calls=0 psnr=19.04
[INFO] step=1680 epoch=2 259/710 mem: 5.81/47.54G lr: [1e-05, 1e-05, 0.0001, 0.0001] loss: 2.715661 loss_rgb=2.494639 loss_feat=0.000000 loss_ce_cosine=0.000000 loss_boundary_rgb=0.000000 loss_instance_group=1.105438 loss_instance_contrastive=0.000000 loss_semantic_lifting=0.000000 semantic_adapter_grad_norm=0.000000 token_adapter_grad_norm=0.000000 prompt_adapter_grad_norm=0.000000 gaussian_feature_head_grad_norm=0.000000 temperature_grad_norm=0.000000 tokengs_grad_norm=0.000000 temperature=14.285715 semantic_token_variance=0.002449 semantic_token_adjacent_cosine=0.379527 prototype_offdiag_cosine_mean=0.746094 prototype_offdiag_cosine_max=0.851562 ssim=0.610942 lpips=0.628906 psnr=19.0402 speed: 0.08 it/s
[abs-train] step=1690 sample=scene0280_02:0 loss_rgb=1.9287 teacher_gs=0.1626 teacher_rgb=0.0028 teacher_eff=1.0000 inst=1.2476 inst_eff=0.0000 inst_w=0.050000 inst_unit_eff=0.0000 teacher_called=1 abs_grad=22814.90 abs_norm=16967.63 inst_grad=28.17 backbone_grad=0.00 teacher_grad=0.00 sem_grad=0.00 gaussians_source=absolute_student old_gs_head_calls=0 psnr=20.16
[INFO] step=1690 epoch=2 269/710 mem: 5.81/47.54G lr: [1e-05, 1e-05, 0.0001, 0.0001] loss: 2.156500 loss_rgb=1.928696 loss_feat=0.000000 loss_ce_cosine=0.000000 loss_boundary_rgb=0.000000 loss_instance_group=1.247605 loss_instance_contrastive=0.000000 loss_semantic_lifting=0.000000 semantic_adapter_grad_norm=0.000000 token_adapter_grad_norm=0.000000 prompt_adapter_grad_norm=0.000000 gaussian_feature_head_grad_norm=0.000000 temperature_grad_norm=0.000000 tokengs_grad_norm=0.000000 temperature=14.285715 semantic_token_variance=0.002410 semantic_token_adjacent_cosine=0.390136 prototype_offdiag_cosine_mean=0.664062 prototype_offdiag_cosine_max=0.851562 ssim=0.699724 lpips=0.601562 psnr=20.1577 speed: 0.08 it/s
[abs-train] step=1700 sample=scene0646_01:0 loss_rgb=4.0956 teacher_gs=0.1493 teacher_rgb=0.0043 teacher_eff=1.0000 inst=1.2481 inst_eff=0.0000 inst_w=0.050000 inst_unit_eff=0.0000 teacher_called=1 abs_grad=27976.62 abs_norm=16967.58 inst_grad=28.39 backbone_grad=0.00 teacher_grad=0.00 sem_grad=0.00 gaussians_source=absolute_student old_gs_head_calls=0 psnr=16.89
[INFO] step=1700 epoch=2 279/710 mem: 5.81/47.54G lr: [1e-05, 1e-05, 0.0001, 0.0001] loss: 4.311646 loss_rgb=4.095646 loss_feat=0.000000 loss_ce_cosine=0.000000 loss_boundary_rgb=0.000000 loss_instance_group=1.248147 loss_instance_contrastive=0.000000 loss_semantic_lifting=0.000000 semantic_adapter_grad_norm=0.000000 token_adapter_grad_norm=0.000000 prompt_adapter_grad_norm=0.000000 gaussian_feature_head_grad_norm=0.000000 temperature_grad_norm=0.000000 tokengs_grad_norm=0.000000 temperature=14.285715 semantic_token_variance=0.002506 semantic_token_adjacent_cosine=0.360996 prototype_offdiag_cosine_mean=0.734375 prototype_offdiag_cosine_max=0.832031 ssim=0.485907 lpips=0.652344 psnr=16.8871 speed: 0.07 it/s
[abs-train] step=1710 sample=scene0051_02:0 loss_rgb=2.1874 teacher_gs=0.1630 teacher_rgb=0.0049 teacher_eff=1.0000 inst=1.2433 inst_eff=0.0000 inst_w=0.050000 inst_unit_eff=0.0000 teacher_called=1 abs_grad=22222.15 abs_norm=16967.60 inst_grad=25.96 backbone_grad=0.00 teacher_grad=0.00 sem_grad=0.00 gaussians_source=absolute_student old_gs_head_calls=0 psnr=19.61
[INFO] step=1710 epoch=2 289/710 mem: 5.81/47.54G lr: [1e-05, 1e-05, 0.0001, 0.0001] loss: 2.417489 loss_rgb=2.187382 loss_feat=0.000000 loss_ce_cosine=0.000000 loss_boundary_rgb=0.000000 loss_instance_group=1.243329 loss_instance_contrastive=0.000000 loss_semantic_lifting=0.000000 semantic_adapter_grad_norm=0.000000 token_adapter_grad_norm=0.000000 prompt_adapter_grad_norm=0.000000 gaussian_feature_head_grad_norm=0.000000 temperature_grad_norm=0.000000 tokengs_grad_norm=0.000000 temperature=14.285715 semantic_token_variance=0.002401 semantic_token_adjacent_cosine=0.390780 prototype_offdiag_cosine_mean=0.746094 prototype_offdiag_cosine_max=0.851562 ssim=0.669049 lpips=0.605469 psnr=19.6111 speed: 0.09 it/s
[abs-train] step=1720 sample=scene0406_02:0 loss_rgb=1.6579 teacher_gs=0.1836 teacher_rgb=0.0028 teacher_eff=1.0000 inst=1.1478 inst_eff=0.0000 inst_w=0.050000 inst_unit_eff=0.0000 teacher_called=1 abs_grad=8982.83 abs_norm=16967.64 inst_grad=26.63 backbone_grad=0.00 teacher_grad=0.00 sem_grad=0.00 gaussians_source=absolute_student old_gs_head_calls=0 psnr=20.81
[INFO] step=1720 epoch=2 299/710 mem: 5.81/47.54G lr: [1e-05, 1e-05, 0.0001, 0.0001] loss: 1.901633 loss_rgb=1.657853 loss_feat=0.000000 loss_ce_cosine=0.000000 loss_boundary_rgb=0.000000 loss_instance_group=1.147809 loss_instance_contrastive=0.000000 loss_semantic_lifting=0.000000 semantic_adapter_grad_norm=0.000000 token_adapter_grad_norm=0.000000 prompt_adapter_grad_norm=0.000000 gaussian_feature_head_grad_norm=0.000000 temperature_grad_norm=0.000000 tokengs_grad_norm=0.000000 temperature=14.285715 semantic_token_variance=0.002254 semantic_token_adjacent_cosine=0.428572 prototype_offdiag_cosine_mean=0.734375 prototype_offdiag_cosine_max=0.851562 ssim=0.727713 lpips=0.554688 psnr=20.8148 speed: 0.08 it/s
[abs-train] step=1730 sample=scene0262_00:0 loss_rgb=5.7938 teacher_gs=0.1671 teacher_rgb=0.0042 teacher_eff=1.0000 inst=1.4102 inst_eff=0.0000 inst_w=0.050000 inst_unit_eff=0.0000 teacher_called=1 abs_grad=15456.47 abs_norm=16967.64 inst_grad=21.30 backbone_grad=0.00 teacher_grad=0.00 sem_grad=0.00 gaussians_source=absolute_student old_gs_head_calls=0 psnr=15.38
[INFO] step=1730 epoch=2 309/710 mem: 5.81/47.54G lr: [1e-05, 1e-05, 0.0001, 0.0001] loss: 6.035594 loss_rgb=5.793755 loss_feat=0.000000 loss_ce_cosine=0.000000 loss_boundary_rgb=0.000000 loss_instance_group=1.410200 loss_instance_contrastive=0.000000 loss_semantic_lifting=0.000000 semantic_adapter_grad_norm=0.000000 token_adapter_grad_norm=0.000000 prompt_adapter_grad_norm=0.000000 gaussian_feature_head_grad_norm=0.000000 temperature_grad_norm=0.000000 tokengs_grad_norm=0.000000 temperature=14.285715 semantic_token_variance=0.002455 semantic_token_adjacent_cosine=0.374580 prototype_offdiag_cosine_mean=0.757812 prototype_offdiag_cosine_max=0.835938 ssim=0.566327 lpips=0.617188 psnr=15.3807 speed: 0.09 it/s
[abs-train] step=1740 sample=scene0487_01:0 loss_rgb=2.7206 teacher_gs=0.1486 teacher_rgb=0.0034 teacher_eff=1.0000 inst=1.1457 inst_eff=0.0000 inst_w=0.050000 inst_unit_eff=0.0000 teacher_called=1 abs_grad=30161.34 abs_norm=16967.63 inst_grad=24.64 backbone_grad=0.00 teacher_grad=0.00 sem_grad=0.00 gaussians_source=absolute_student old_gs_head_calls=0 psnr=18.66
[INFO] step=1740 epoch=2 319/710 mem: 5.81/47.54G lr: [1e-05, 1e-05, 0.0001, 0.0001] loss: 2.929768 loss_rgb=2.720559 loss_feat=0.000000 loss_ce_cosine=0.000000 loss_boundary_rgb=0.000000 loss_instance_group=1.145707 loss_instance_contrastive=0.000000 loss_semantic_lifting=0.000000 semantic_adapter_grad_norm=0.000000 token_adapter_grad_norm=0.000000 prompt_adapter_grad_norm=0.000000 gaussian_feature_head_grad_norm=0.000000 temperature_grad_norm=0.000000 tokengs_grad_norm=0.000000 temperature=14.285715 semantic_token_variance=0.002524 semantic_token_adjacent_cosine=0.360303 prototype_offdiag_cosine_mean=0.753906 prototype_offdiag_cosine_max=0.832031 ssim=0.630105 lpips=0.621094 psnr=18.6637 speed: 0.08 it/s
[abs-train] step=1750 sample=scene0231_01:0 loss_rgb=1.4432 teacher_gs=0.1506 teacher_rgb=0.0019 teacher_eff=1.0000 inst=1.2726 inst_eff=0.0000 inst_w=0.050000 inst_unit_eff=0.0000 teacher_called=1 abs_grad=15658.50 abs_norm=16967.61 inst_grad=15.21 backbone_grad=0.00 teacher_grad=0.00 sem_grad=0.00 gaussians_source=absolute_student old_gs_head_calls=0 psnr=21.42
[INFO] step=1750 epoch=2 329/710 mem: 5.81/47.54G lr: [1e-05, 1e-05, 0.0001, 0.0001] loss: 1.659331 loss_rgb=1.443194 loss_feat=0.000000 loss_ce_cosine=0.000000 loss_boundary_rgb=0.000000 loss_instance_group=1.272563 loss_instance_contrastive=0.000000 loss_semantic_lifting=0.000000 semantic_adapter_grad_norm=0.000000 token_adapter_grad_norm=0.000000 prompt_adapter_grad_norm=0.000000 gaussian_feature_head_grad_norm=0.000000 temperature_grad_norm=0.000000 tokengs_grad_norm=0.000000 temperature=14.285715 semantic_token_variance=0.002454 semantic_token_adjacent_cosine=0.377009 prototype_offdiag_cosine_mean=0.750000 prototype_offdiag_cosine_max=0.851562 ssim=0.623037 lpips=0.621094 psnr=21.4171 speed: 0.08 it/s
[abs-ckpt] saved intra-epoch head checkpoint step=1750
[abs-train] step=1760 sample=scene0169_01:0 loss_rgb=1.6279 teacher_gs=0.1432 teacher_rgb=0.0021 teacher_eff=1.0000 inst=1.1762 inst_eff=0.0000 inst_w=0.050000 inst_unit_eff=0.0000 teacher_called=1 abs_grad=7578.63 abs_norm=16967.60 inst_grad=25.67 backbone_grad=0.00 teacher_grad=0.00 sem_grad=0.00 gaussians_source=absolute_student old_gs_head_calls=0 psnr=20.89
[INFO] step=1760 epoch=2 339/710 mem: 5.81/47.54G lr: [1e-05, 1e-05, 0.0001, 0.0001] loss: 1.832054 loss_rgb=1.627859 loss_feat=0.000000 loss_ce_cosine=0.000000 loss_boundary_rgb=0.000000 loss_instance_group=1.176182 loss_instance_contrastive=0.000000 loss_semantic_lifting=0.000000 semantic_adapter_grad_norm=0.000000 token_adapter_grad_norm=0.000000 prompt_adapter_grad_norm=0.000000 gaussian_feature_head_grad_norm=0.000000 temperature_grad_norm=0.000000 tokengs_grad_norm=0.000000 temperature=14.285715 semantic_token_variance=0.002538 semantic_token_adjacent_cosine=0.357807 prototype_offdiag_cosine_mean=0.750000 prototype_offdiag_cosine_max=0.851562 ssim=0.682100 lpips=0.593750 psnr=20.8941 speed: 0.08 it/s
[abs-train] step=1770 sample=scene0360_00:0 loss_rgb=1.8020 teacher_gs=0.1708 teacher_rgb=0.0018 teacher_eff=1.0000 inst=1.3161 inst_eff=0.0000 inst_w=0.050000 inst_unit_eff=0.0000 teacher_called=1 abs_grad=20607.74 abs_norm=16967.58 inst_grad=33.73 backbone_grad=0.00 teacher_grad=0.00 sem_grad=0.00 gaussians_source=absolute_student old_gs_head_calls=0 psnr=20.45
[INFO] step=1770 epoch=2 349/710 mem: 5.81/47.54G lr: [1e-05, 1e-05, 0.0001, 0.0001] loss: 2.040322 loss_rgb=1.801972 loss_feat=0.000000 loss_ce_cosine=0.000000 loss_boundary_rgb=0.000000 loss_instance_group=1.316145 loss_instance_contrastive=0.000000 loss_semantic_lifting=0.000000 semantic_adapter_grad_norm=0.000000 token_adapter_grad_norm=0.000000 prompt_adapter_grad_norm=0.000000 gaussian_feature_head_grad_norm=0.000000 temperature_grad_norm=0.000000 tokengs_grad_norm=0.000000 temperature=14.285715 semantic_token_variance=0.002510 semantic_token_adjacent_cosine=0.360948 prototype_offdiag_cosine_mean=0.664062 prototype_offdiag_cosine_max=0.851562 ssim=0.657777 lpips=0.656250 psnr=20.4528 speed: 0.07 it/s
[abs-train] step=1780 sample=scene0006_01:0 loss_rgb=1.6303 teacher_gs=0.1393 teacher_rgb=0.0019 teacher_eff=1.0000 inst=1.2616 inst_eff=0.0000 inst_w=0.050000 inst_unit_eff=0.0000 teacher_called=1 abs_grad=27412.04 abs_norm=16967.57 inst_grad=19.09 backbone_grad=0.00 teacher_grad=0.00 sem_grad=0.00 gaussians_source=absolute_student old_gs_head_calls=0 psnr=20.89
[INFO] step=1780 epoch=2 359/710 mem: 5.81/47.54G lr: [1e-05, 1e-05, 0.0001, 0.0001] loss: 1.834562 loss_rgb=1.630306 loss_feat=0.000000 loss_ce_cosine=0.000000 loss_boundary_rgb=0.000000 loss_instance_group=1.261619 loss_instance_contrastive=0.000000 loss_semantic_lifting=0.000000 semantic_adapter_grad_norm=0.000000 token_adapter_grad_norm=0.000000 prompt_adapter_grad_norm=0.000000 gaussian_feature_head_grad_norm=0.000000 temperature_grad_norm=0.000000 tokengs_grad_norm=0.000000 temperature=14.285715 semantic_token_variance=0.002409 semantic_token_adjacent_cosine=0.389027 prototype_offdiag_cosine_mean=0.750000 prototype_offdiag_cosine_max=0.851562 ssim=0.746836 lpips=0.539062 psnr=20.8876 speed: 0.09 it/s
[abs-train] step=1790 sample=scene0200_00:0 loss_rgb=2.0904 teacher_gs=0.1404 teacher_rgb=0.0020 teacher_eff=1.0000 inst=1.1938 inst_eff=0.0000 inst_w=0.050000 inst_unit_eff=0.0000 teacher_called=1 abs_grad=17849.06 abs_norm=16967.60 inst_grad=23.43 backbone_grad=0.00 teacher_grad=0.00 sem_grad=0.00 gaussians_source=absolute_student old_gs_head_calls=0 psnr=19.81
[INFO] step=1790 epoch=2 369/710 mem: 5.81/47.54G lr: [1e-05, 1e-05, 0.0001, 0.0001] loss: 2.292397 loss_rgb=2.090351 loss_feat=0.000000 loss_ce_cosine=0.000000 loss_boundary_rgb=0.000000 loss_instance_group=1.193822 loss_instance_contrastive=0.000000 loss_semantic_lifting=0.000000 semantic_adapter_grad_norm=0.000000 token_adapter_grad_norm=0.000000 prompt_adapter_grad_norm=0.000000 gaussian_feature_head_grad_norm=0.000000 temperature_grad_norm=0.000000 tokengs_grad_norm=0.000000 temperature=14.285715 semantic_token_variance=0.002495 semantic_token_adjacent_cosine=0.368539 prototype_offdiag_cosine_mean=0.699219 prototype_offdiag_cosine_max=0.851562 ssim=0.781612 lpips=0.558594 psnr=19.8081 speed: 0.09 it/s
[abs-train] step=1800 sample=scene0468_02:0 loss_rgb=2.5563 teacher_gs=0.1577 teacher_rgb=0.0033 teacher_eff=1.0000 inst=1.1600 inst_eff=0.0000 inst_w=0.050000 inst_unit_eff=0.0000 teacher_called=1 abs_grad=15438.30 abs_norm=16967.58 inst_grad=23.45 backbone_grad=0.00 teacher_grad=0.00 sem_grad=0.00 gaussians_source=absolute_student old_gs_head_calls=0 psnr=18.93
[INFO] step=1800 epoch=2 379/710 mem: 5.81/47.54G lr: [1e-05, 1e-05, 0.0001, 0.0001] loss: 2.775286 loss_rgb=2.556283 loss_feat=0.000000 loss_ce_cosine=0.000000 loss_boundary_rgb=0.000000 loss_instance_group=1.160007 loss_instance_contrastive=0.000000 loss_semantic_lifting=0.000000 semantic_adapter_grad_norm=0.000000 token_adapter_grad_norm=0.000000 prompt_adapter_grad_norm=0.000000 gaussian_feature_head_grad_norm=0.000000 temperature_grad_norm=0.000000 tokengs_grad_norm=0.000000 temperature=14.285715 semantic_token_variance=0.002550 semantic_token_adjacent_cosine=0.352190 prototype_offdiag_cosine_mean=0.750000 prototype_offdiag_cosine_max=0.851562 ssim=0.780527 lpips=0.542969 psnr=18.9342 speed: 0.10 it/s
[abs-train] step=1810 sample=scene0368_00:0 loss_rgb=2.5987 teacher_gs=0.1595 teacher_rgb=0.0028 teacher_eff=1.0000 inst=1.1461 inst_eff=0.0000 inst_w=0.050000 inst_unit_eff=0.0000 teacher_called=1 abs_grad=11721.97 abs_norm=16967.54 inst_grad=22.27 backbone_grad=0.00 teacher_grad=0.00 sem_grad=0.00 gaussians_source=absolute_student old_gs_head_calls=0 psnr=18.86
[INFO] step=1810 epoch=2 389/710 mem: 5.81/47.54G lr: [1e-05, 1e-05, 0.0001, 0.0001] loss: 2.818298 loss_rgb=2.598718 loss_feat=0.000000 loss_ce_cosine=0.000000 loss_boundary_rgb=0.000000 loss_instance_group=1.146091 loss_instance_contrastive=0.000000 loss_semantic_lifting=0.000000 semantic_adapter_grad_norm=0.000000 token_adapter_grad_norm=0.000000 prompt_adapter_grad_norm=0.000000 gaussian_feature_head_grad_norm=0.000000 temperature_grad_norm=0.000000 tokengs_grad_norm=0.000000 temperature=14.285715 semantic_token_variance=0.002477 semantic_token_adjacent_cosine=0.370387 prototype_offdiag_cosine_mean=0.750000 prototype_offdiag_cosine_max=0.851562 ssim=0.661419 lpips=0.640625 psnr=18.8627 speed: 0.10 it/s
[abs-train] step=1820 sample=scene0376_01:0 loss_rgb=1.7189 teacher_gs=0.1473 teacher_rgb=0.0016 teacher_eff=1.0000 inst=1.0136 inst_eff=0.0000 inst_w=0.050000 inst_unit_eff=0.0000 teacher_called=1 abs_grad=17897.79 abs_norm=16967.61 inst_grad=17.60 backbone_grad=0.00 teacher_grad=0.00 sem_grad=0.00 gaussians_source=absolute_student old_gs_head_calls=0 psnr=20.66
[INFO] step=1820 epoch=2 399/710 mem: 5.81/47.54G lr: [1e-05, 1e-05, 0.0001, 0.0001] loss: 1.918424 loss_rgb=1.718892 loss_feat=0.000000 loss_ce_cosine=0.000000 loss_boundary_rgb=0.000000 loss_instance_group=1.013575 loss_instance_contrastive=0.000000 loss_semantic_lifting=0.000000 semantic_adapter_grad_norm=0.000000 token_adapter_grad_norm=0.000000 prompt_adapter_grad_norm=0.000000 gaussian_feature_head_grad_norm=0.000000 temperature_grad_norm=0.000000 tokengs_grad_norm=0.000000 temperature=14.285715 semantic_token_variance=0.002553 semantic_token_adjacent_cosine=0.351051 prototype_offdiag_cosine_mean=0.628906 prototype_offdiag_cosine_max=0.851562 ssim=0.809054 lpips=0.574219 psnr=20.6578 speed: 0.09 it/s
[abs-train] step=1830 sample=scene0626_02:0 loss_rgb=2.7513 teacher_gs=0.1549 teacher_rgb=0.0034 teacher_eff=1.0000 inst=1.1964 inst_eff=0.0000 inst_w=0.050000 inst_unit_eff=0.0000 teacher_called=1 abs_grad=22430.54 abs_norm=16967.61 inst_grad=21.23 backbone_grad=0.00 teacher_grad=0.00 sem_grad=0.00 gaussians_source=absolute_student old_gs_head_calls=0 psnr=18.61
[INFO] step=1830 epoch=2 409/710 mem: 5.81/47.54G lr: [1e-05, 1e-05, 0.0001, 0.0001] loss: 2.969300 loss_rgb=2.751254 loss_feat=0.000000 loss_ce_cosine=0.000000 loss_boundary_rgb=0.000000 loss_instance_group=1.196436 loss_instance_contrastive=0.000000 loss_semantic_lifting=0.000000 semantic_adapter_grad_norm=0.000000 token_adapter_grad_norm=0.000000 prompt_adapter_grad_norm=0.000000 gaussian_feature_head_grad_norm=0.000000 temperature_grad_norm=0.000000 tokengs_grad_norm=0.000000 temperature=14.285715 semantic_token_variance=0.002498 semantic_token_adjacent_cosine=0.363335 prototype_offdiag_cosine_mean=0.746094 prototype_offdiag_cosine_max=0.832031 ssim=0.763409 lpips=0.593750 psnr=18.6150 speed: 0.08 it/s
[abs-train] step=1840 sample=scene0601_00:0 loss_rgb=3.2254 teacher_gs=0.1548 teacher_rgb=0.0039 teacher_eff=1.0000 inst=1.2393 inst_eff=0.0000 inst_w=0.050000 inst_unit_eff=0.0000 teacher_called=1 abs_grad=9862.08 abs_norm=16967.61 inst_grad=30.08 backbone_grad=0.00 teacher_grad=0.00 sem_grad=0.00 gaussians_source=absolute_student old_gs_head_calls=0 psnr=17.92
[INFO] step=1840 epoch=2 419/710 mem: 5.81/47.54G lr: [1e-05, 1e-05, 0.0001, 0.0001] loss: 3.446126 loss_rgb=3.225445 loss_feat=0.000000 loss_ce_cosine=0.000000 loss_boundary_rgb=0.000000 loss_instance_group=1.239318 loss_instance_contrastive=0.000000 loss_semantic_lifting=0.000000 semantic_adapter_grad_norm=0.000000 token_adapter_grad_norm=0.000000 prompt_adapter_grad_norm=0.000000 gaussian_feature_head_grad_norm=0.000000 temperature_grad_norm=0.000000 tokengs_grad_norm=0.000000 temperature=14.285715 semantic_token_variance=0.002453 semantic_token_adjacent_cosine=0.377764 prototype_offdiag_cosine_mean=0.750000 prototype_offdiag_cosine_max=0.851562 ssim=0.668881 lpips=0.636719 psnr=17.9244 speed: 0.07 it/s
[abs-train] step=1850 sample=scene0167_00:0 loss_rgb=0.7321 teacher_gs=0.1515 teacher_rgb=0.0013 teacher_eff=1.0000 inst=1.0931 inst_eff=0.0000 inst_w=0.050000 inst_unit_eff=0.0000 teacher_called=1 abs_grad=30679.66 abs_norm=16967.72 inst_grad=22.27 backbone_grad=0.00 teacher_grad=0.00 sem_grad=0.00 gaussians_source=absolute_student old_gs_head_calls=0 psnr=24.36
[INFO] step=1850 epoch=2 429/710 mem: 5.81/47.54G lr: [1e-05, 1e-05, 0.0001, 0.0001] loss: 0.939548 loss_rgb=0.732087 loss_feat=0.000000 loss_ce_cosine=0.000000 loss_boundary_rgb=0.000000 loss_instance_group=1.093098 loss_instance_contrastive=0.000000 loss_semantic_lifting=0.000000 semantic_adapter_grad_norm=0.000000 token_adapter_grad_norm=0.000000 prompt_adapter_grad_norm=0.000000 gaussian_feature_head_grad_norm=0.000000 temperature_grad_norm=0.000000 tokengs_grad_norm=0.000000 temperature=14.285715 semantic_token_variance=0.002527 semantic_token_adjacent_cosine=0.360149 prototype_offdiag_cosine_mean=0.664062 prototype_offdiag_cosine_max=0.851562 ssim=0.831159 lpips=0.554688 psnr=24.3647 speed: 0.08 it/s
[abs-train] step=1860 sample=scene0299_00:0 loss_rgb=2.1496 teacher_gs=0.1596 teacher_rgb=0.0077 teacher_eff=1.0000 inst=1.1290 inst_eff=0.0000 inst_w=0.050000 inst_unit_eff=0.0000 teacher_called=1 abs_grad=21329.20 abs_norm=16967.76 inst_grad=22.81 backbone_grad=0.00 teacher_grad=0.00 sem_grad=0.00 gaussians_source=absolute_student old_gs_head_calls=0 psnr=19.69
[INFO] step=1860 epoch=2 439/710 mem: 5.81/47.54G lr: [1e-05, 1e-05, 0.0001, 0.0001] loss: 2.373328 loss_rgb=2.149564 loss_feat=0.000000 loss_ce_cosine=0.000000 loss_boundary_rgb=0.000000 loss_instance_group=1.128973 loss_instance_contrastive=0.000000 loss_semantic_lifting=0.000000 semantic_adapter_grad_norm=0.000000 token_adapter_grad_norm=0.000000 prompt_adapter_grad_norm=0.000000 gaussian_feature_head_grad_norm=0.000000 temperature_grad_norm=0.000000 tokengs_grad_norm=0.000000 temperature=14.285715 semantic_token_variance=0.002562 semantic_token_adjacent_cosine=0.347523 prototype_offdiag_cosine_mean=0.738281 prototype_offdiag_cosine_max=0.832031 ssim=0.730568 lpips=0.644531 psnr=19.6868 speed: 0.10 it/s
[abs-train] step=1870 sample=scene0326_00:0 loss_rgb=3.7330 teacher_gs=0.1603 teacher_rgb=0.0031 teacher_eff=1.0000 inst=1.3994 inst_eff=0.0000 inst_w=0.050000 inst_unit_eff=0.0000 teacher_called=1 abs_grad=16148.17 abs_norm=16967.82 inst_grad=21.73 backbone_grad=0.00 teacher_grad=0.00 sem_grad=0.00 gaussians_source=absolute_student old_gs_head_calls=0 psnr=17.29
[INFO] step=1870 epoch=2 449/710 mem: 5.81/47.54G lr: [1e-05, 1e-05, 0.0001, 0.0001] loss: 3.966380 loss_rgb=3.733049 loss_feat=0.000000 loss_ce_cosine=0.000000 loss_boundary_rgb=0.000000 loss_instance_group=1.399396 loss_instance_contrastive=0.000000 loss_semantic_lifting=0.000000 semantic_adapter_grad_norm=0.000000 token_adapter_grad_norm=0.000000 prompt_adapter_grad_norm=0.000000 gaussian_feature_head_grad_norm=0.000000 temperature_grad_norm=0.000000 tokengs_grad_norm=0.000000 temperature=14.285715 semantic_token_variance=0.002396 semantic_token_adjacent_cosine=0.388352 prototype_offdiag_cosine_mean=0.726562 prototype_offdiag_cosine_max=0.832031 ssim=0.567359 lpips=0.667969 psnr=17.2897 speed: 0.07 it/s
[abs-ckpt] saved intra-epoch head checkpoint step=1875
[abs-train] step=1880 sample=scene0270_00:0 loss_rgb=0.7079 teacher_gs=0.1601 teacher_rgb=0.0014 teacher_eff=1.0000 inst=1.3055 inst_eff=0.0000 inst_w=0.050000 inst_unit_eff=0.0000 teacher_called=1 abs_grad=14276.89 abs_norm=16967.84 inst_grad=35.53 backbone_grad=0.00 teacher_grad=0.00 sem_grad=0.00 gaussians_source=absolute_student old_gs_head_calls=0 psnr=24.51
[INFO] step=1880 epoch=2 459/710 mem: 5.81/47.54G lr: [1e-05, 1e-05, 0.0001, 0.0001] loss: 0.934699 loss_rgb=0.707921 loss_feat=0.000000 loss_ce_cosine=0.000000 loss_boundary_rgb=0.000000 loss_instance_group=1.305462 loss_instance_contrastive=0.000000 loss_semantic_lifting=0.000000 semantic_adapter_grad_norm=0.000000 token_adapter_grad_norm=0.000000 prompt_adapter_grad_norm=0.000000 gaussian_feature_head_grad_norm=0.000000 temperature_grad_norm=0.000000 tokengs_grad_norm=0.000000 temperature=14.285715 semantic_token_variance=0.002321 semantic_token_adjacent_cosine=0.410708 prototype_offdiag_cosine_mean=0.750000 prototype_offdiag_cosine_max=0.851562 ssim=0.748189 lpips=0.539062 psnr=24.5105 speed: 0.09 it/s
[abs-train] step=1890 sample=scene0408_00:0 loss_rgb=5.1364 teacher_gs=0.1584 teacher_rgb=0.0033 teacher_eff=1.0000 inst=1.2243 inst_eff=0.0000 inst_w=0.050000 inst_unit_eff=0.0000 teacher_called=1 abs_grad=24488.06 abs_norm=16967.80 inst_grad=21.24 backbone_grad=0.00 teacher_grad=0.00 sem_grad=0.00 gaussians_source=absolute_student old_gs_head_calls=0 psnr=15.90
[INFO] step=1890 epoch=2 469/710 mem: 5.81/47.54G lr: [1e-05, 1e-05, 0.0001, 0.0001] loss: 5.359323 loss_rgb=5.136428 loss_feat=0.000000 loss_ce_cosine=0.000000 loss_boundary_rgb=0.000000 loss_instance_group=1.224299 loss_instance_contrastive=0.000000 loss_semantic_lifting=0.000000 semantic_adapter_grad_norm=0.000000 token_adapter_grad_norm=0.000000 prompt_adapter_grad_norm=0.000000 gaussian_feature_head_grad_norm=0.000000 temperature_grad_norm=0.000000 tokengs_grad_norm=0.000000 temperature=14.285715 semantic_token_variance=0.002540 semantic_token_adjacent_cosine=0.357162 prototype_offdiag_cosine_mean=0.675781 prototype_offdiag_cosine_max=0.851562 ssim=0.330527 lpips=0.761719 psnr=15.9037 speed: 0.07 it/s
[abs-train] step=1900 sample=scene0408_01:0 loss_rgb=4.4968 teacher_gs=0.1686 teacher_rgb=0.0030 teacher_eff=1.0000 inst=1.3130 inst_eff=0.0000 inst_w=0.050000 inst_unit_eff=0.0000 teacher_called=1 abs_grad=13574.64 abs_norm=16967.69 inst_grad=20.64 backbone_grad=0.00 teacher_grad=0.00 sem_grad=0.00 gaussians_source=absolute_student old_gs_head_calls=0 psnr=16.48
[INFO] step=1900 epoch=2 479/710 mem: 5.81/47.54G lr: [1e-05, 1e-05, 0.0001, 0.0001] loss: 4.734049 loss_rgb=4.496793 loss_feat=0.000000 loss_ce_cosine=0.000000 loss_boundary_rgb=0.000000 loss_instance_group=1.313028 loss_instance_contrastive=0.000000 loss_semantic_lifting=0.000000 semantic_adapter_grad_norm=0.000000 token_adapter_grad_norm=0.000000 prompt_adapter_grad_norm=0.000000 gaussian_feature_head_grad_norm=0.000000 temperature_grad_norm=0.000000 tokengs_grad_norm=0.000000 temperature=14.285715 semantic_token_variance=0.002368 semantic_token_adjacent_cosine=0.399472 prototype_offdiag_cosine_mean=0.648438 prototype_offdiag_cosine_max=0.851562 ssim=0.387859 lpips=0.738281 psnr=16.4813 speed: 0.06 it/s
[abs-train] step=1910 sample=scene0365_00:0 loss_rgb=0.7554 teacher_gs=0.1539 teacher_rgb=0.0010 teacher_eff=1.0000 inst=1.1975 inst_eff=0.0000 inst_w=0.050000 inst_unit_eff=0.0000 teacher_called=1 abs_grad=14357.39 abs_norm=16967.63 inst_grad=37.91 backbone_grad=0.00 teacher_grad=0.00 sem_grad=0.00 gaussians_source=absolute_student old_gs_head_calls=0 psnr=24.23
[INFO] step=1910 epoch=2 489/710 mem: 5.81/47.54G lr: [1e-05, 1e-05, 0.0001, 0.0001] loss: 0.970218 loss_rgb=0.755413 loss_feat=0.000000 loss_ce_cosine=0.000000 loss_boundary_rgb=0.000000 loss_instance_group=1.197512 loss_instance_contrastive=0.000000 loss_semantic_lifting=0.000000 semantic_adapter_grad_norm=0.000000 token_adapter_grad_norm=0.000000 prompt_adapter_grad_norm=0.000000 gaussian_feature_head_grad_norm=0.000000 temperature_grad_norm=0.000000 tokengs_grad_norm=0.000000 temperature=14.285715 semantic_token_variance=0.002384 semantic_token_adjacent_cosine=0.397857 prototype_offdiag_cosine_mean=0.750000 prototype_offdiag_cosine_max=0.851562 ssim=0.771663 lpips=0.570312 psnr=24.2285 speed: 0.10 it/s
[abs-train] step=1920 sample=scene0314_00:0 loss_rgb=3.6512 teacher_gs=0.1460 teacher_rgb=0.0047 teacher_eff=1.0000 inst=1.3808 inst_eff=0.0000 inst_w=0.050000 inst_unit_eff=0.0000 teacher_called=1 abs_grad=18908.51 abs_norm=16967.53 inst_grad=25.72 backbone_grad=0.00 teacher_grad=0.00 sem_grad=0.00 gaussians_source=absolute_student old_gs_head_calls=0 psnr=17.39
[INFO] step=1920 epoch=2 499/710 mem: 5.81/47.54G lr: [1e-05, 1e-05, 0.0001, 0.0001] loss: 3.871010 loss_rgb=3.651212 loss_feat=0.000000 loss_ce_cosine=0.000000 loss_boundary_rgb=0.000000 loss_instance_group=1.380836 loss_instance_contrastive=0.000000 loss_semantic_lifting=0.000000 semantic_adapter_grad_norm=0.000000 token_adapter_grad_norm=0.000000 prompt_adapter_grad_norm=0.000000 gaussian_feature_head_grad_norm=0.000000 temperature_grad_norm=0.000000 tokengs_grad_norm=0.000000 temperature=14.285715 semantic_token_variance=0.002666 semantic_token_adjacent_cosine=0.324244 prototype_offdiag_cosine_mean=0.726562 prototype_offdiag_cosine_max=0.851562 ssim=0.475706 lpips=0.667969 psnr=17.3859 speed: 0.09 it/s
[abs-train] step=1930 sample=scene0247_00:0 loss_rgb=3.1955 teacher_gs=0.1630 teacher_rgb=0.0043 teacher_eff=1.0000 inst=1.0601 inst_eff=0.0000 inst_w=0.050000 inst_unit_eff=0.0000 teacher_called=1 abs_grad=19634.58 abs_norm=16967.43 inst_grad=30.09 backbone_grad=0.00 teacher_grad=0.00 sem_grad=0.00 gaussians_source=absolute_student old_gs_head_calls=0 psnr=17.96
[INFO] step=1930 epoch=2 509/710 mem: 5.81/47.54G lr: [1e-05, 1e-05, 0.0001, 0.0001] loss: 3.415781 loss_rgb=3.195458 loss_feat=0.000000 loss_ce_cosine=0.000000 loss_boundary_rgb=0.000000 loss_instance_group=1.060082 loss_instance_contrastive=0.000000 loss_semantic_lifting=0.000000 semantic_adapter_grad_norm=0.000000 token_adapter_grad_norm=0.000000 prompt_adapter_grad_norm=0.000000 gaussian_feature_head_grad_norm=0.000000 temperature_grad_norm=0.000000 tokengs_grad_norm=0.000000 temperature=14.285715 semantic_token_variance=0.002323 semantic_token_adjacent_cosine=0.411455 prototype_offdiag_cosine_mean=0.750000 prototype_offdiag_cosine_max=0.843750 ssim=0.558652 lpips=0.621094 psnr=17.9650 speed: 0.08 it/s
[abs-train] step=1940 sample=scene0364_00:0 loss_rgb=2.4841 teacher_gs=0.1639 teacher_rgb=0.0033 teacher_eff=1.0000 inst=0.9993 inst_eff=0.0000 inst_w=0.050000 inst_unit_eff=0.0000 teacher_called=1 abs_grad=6507.57 abs_norm=16967.48 inst_grad=35.09 backbone_grad=0.00 teacher_grad=0.00 sem_grad=0.00 gaussians_source=absolute_student old_gs_head_calls=0 psnr=19.06
[INFO] step=1940 epoch=2 519/710 mem: 5.81/47.54G lr: [1e-05, 1e-05, 0.0001, 0.0001] loss: 2.701222 loss_rgb=2.484113 loss_feat=0.000000 loss_ce_cosine=0.000000 loss_boundary_rgb=0.000000 loss_instance_group=0.999349 loss_instance_contrastive=0.000000 loss_semantic_lifting=0.000000 semantic_adapter_grad_norm=0.000000 token_adapter_grad_norm=0.000000 prompt_adapter_grad_norm=0.000000 gaussian_feature_head_grad_norm=0.000000 temperature_grad_norm=0.000000 tokengs_grad_norm=0.000000 temperature=14.285715 semantic_token_variance=0.002493 semantic_token_adjacent_cosine=0.369282 prototype_offdiag_cosine_mean=0.738281 prototype_offdiag_cosine_max=0.851562 ssim=0.671803 lpips=0.621094 psnr=19.0586 speed: 0.09 it/s
[abs-train] step=1950 sample=scene0036_00:0 loss_rgb=3.1841 teacher_gs=0.1497 teacher_rgb=0.0025 teacher_eff=1.0000 inst=1.2191 inst_eff=0.0000 inst_w=0.050000 inst_unit_eff=0.0000 teacher_called=1 abs_grad=17609.61 abs_norm=16967.56 inst_grad=24.19 backbone_grad=0.00 teacher_grad=0.00 sem_grad=0.00 gaussians_source=absolute_student old_gs_head_calls=0 psnr=17.98
[INFO] step=1950 epoch=2 529/710 mem: 5.81/47.54G lr: [1e-05, 1e-05, 0.0001, 0.0001] loss: 3.397244 loss_rgb=3.184072 loss_feat=0.000000 loss_ce_cosine=0.000000 loss_boundary_rgb=0.000000 loss_instance_group=1.219114 loss_instance_contrastive=0.000000 loss_semantic_lifting=0.000000 semantic_adapter_grad_norm=0.000000 token_adapter_grad_norm=0.000000 prompt_adapter_grad_norm=0.000000 gaussian_feature_head_grad_norm=0.000000 temperature_grad_norm=0.000000 tokengs_grad_norm=0.000000 temperature=14.285715 semantic_token_variance=0.002690 semantic_token_adjacent_cosine=0.317535 prototype_offdiag_cosine_mean=0.734375 prototype_offdiag_cosine_max=0.851562 ssim=0.679081 lpips=0.660156 psnr=17.9805 speed: 0.11 it/s
[abs-train] step=1960 sample=scene0010_01:0 loss_rgb=3.7048 teacher_gs=0.1705 teacher_rgb=0.0034 teacher_eff=1.0000 inst=1.1577 inst_eff=0.0000 inst_w=0.050000 inst_unit_eff=0.0000 teacher_called=1 abs_grad=31477.19 abs_norm=16967.55 inst_grad=18.71 backbone_grad=0.00 teacher_grad=0.00 sem_grad=0.00 gaussians_source=absolute_student old_gs_head_calls=0 psnr=17.32
[INFO] step=1960 epoch=2 539/710 mem: 5.81/47.54G lr: [1e-05, 1e-05, 0.0001, 0.0001] loss: 3.936593 loss_rgb=3.704759 loss_feat=0.000000 loss_ce_cosine=0.000000 loss_boundary_rgb=0.000000 loss_instance_group=1.157721 loss_instance_contrastive=0.000000 loss_semantic_lifting=0.000000 semantic_adapter_grad_norm=0.000000 token_adapter_grad_norm=0.000000 prompt_adapter_grad_norm=0.000000 gaussian_feature_head_grad_norm=0.000000 temperature_grad_norm=0.000000 tokengs_grad_norm=0.000000 temperature=14.285715 semantic_token_variance=0.002371 semantic_token_adjacent_cosine=0.399385 prototype_offdiag_cosine_mean=0.648438 prototype_offdiag_cosine_max=0.832031 ssim=0.642426 lpips=0.597656 psnr=17.3227 speed: 0.09 it/s
[abs-train] step=1970 sample=scene0218_00:0 loss_rgb=2.3902 teacher_gs=0.1460 teacher_rgb=0.0038 teacher_eff=1.0000 inst=1.1624 inst_eff=0.0000 inst_w=0.050000 inst_unit_eff=0.0000 teacher_called=1 abs_grad=24071.67 abs_norm=16967.62 inst_grad=25.15 backbone_grad=0.00 teacher_grad=0.00 sem_grad=0.00 gaussians_source=absolute_student old_gs_head_calls=0 psnr=19.23
[INFO] step=1970 epoch=2 549/710 mem: 5.81/47.54G lr: [1e-05, 1e-05, 0.0001, 0.0001] loss: 2.598143 loss_rgb=2.390249 loss_feat=0.000000 loss_ce_cosine=0.000000 loss_boundary_rgb=0.000000 loss_instance_group=1.162361 loss_instance_contrastive=0.000000 loss_semantic_lifting=0.000000 semantic_adapter_grad_norm=0.000000 token_adapter_grad_norm=0.000000 prompt_adapter_grad_norm=0.000000 gaussian_feature_head_grad_norm=0.000000 temperature_grad_norm=0.000000 tokengs_grad_norm=0.000000 temperature=14.285715 semantic_token_variance=0.002709 semantic_token_adjacent_cosine=0.311642 prototype_offdiag_cosine_mean=0.750000 prototype_offdiag_cosine_max=0.851562 ssim=0.569136 lpips=0.691406 psnr=19.2259 speed: 0.08 it/s
[abs-train] step=1980 sample=scene0549_01:0 loss_rgb=3.1728 teacher_gs=0.1587 teacher_rgb=0.0034 teacher_eff=1.0000 inst=1.2151 inst_eff=0.0000 inst_w=0.050000 inst_unit_eff=0.0000 teacher_called=1 abs_grad=25735.10 abs_norm=16967.66 inst_grad=23.07 backbone_grad=0.00 teacher_grad=0.00 sem_grad=0.00 gaussians_source=absolute_student old_gs_head_calls=0 psnr=18.00
[INFO] step=1980 epoch=2 559/710 mem: 5.81/47.54G lr: [1e-05, 1e-05, 0.0001, 0.0001] loss: 3.395676 loss_rgb=3.172849 loss_feat=0.000000 loss_ce_cosine=0.000000 loss_boundary_rgb=0.000000 loss_instance_group=1.215150 loss_instance_contrastive=0.000000 loss_semantic_lifting=0.000000 semantic_adapter_grad_norm=0.000000 token_adapter_grad_norm=0.000000 prompt_adapter_grad_norm=0.000000 gaussian_feature_head_grad_norm=0.000000 temperature_grad_norm=0.000000 tokengs_grad_norm=0.000000 temperature=14.285715 semantic_token_variance=0.002567 semantic_token_adjacent_cosine=0.348034 prototype_offdiag_cosine_mean=0.750000 prototype_offdiag_cosine_max=0.851562 ssim=0.653345 lpips=0.679688 psnr=17.9958 speed: 0.08 it/s
[abs-train] step=1990 sample=scene0050_01:0 loss_rgb=2.0173 teacher_gs=0.1704 teacher_rgb=0.0026 teacher_eff=1.0000 inst=1.0983 inst_eff=0.0000 inst_w=0.050000 inst_unit_eff=0.0000 teacher_called=1 abs_grad=31328.17 abs_norm=16967.60 inst_grad=26.67 backbone_grad=0.00 teacher_grad=0.00 sem_grad=0.00 gaussians_source=absolute_student old_gs_head_calls=0 psnr=19.96
[INFO] step=1990 epoch=2 569/710 mem: 5.81/47.54G lr: [1e-05, 1e-05, 0.0001, 0.0001] loss: 2.245120 loss_rgb=2.017263 loss_feat=0.000000 loss_ce_cosine=0.000000 loss_boundary_rgb=0.000000 loss_instance_group=1.098299 loss_instance_contrastive=0.000000 loss_semantic_lifting=0.000000 semantic_adapter_grad_norm=0.000000 token_adapter_grad_norm=0.000000 prompt_adapter_grad_norm=0.000000 gaussian_feature_head_grad_norm=0.000000 temperature_grad_norm=0.000000 tokengs_grad_norm=0.000000 temperature=14.285715 semantic_token_variance=0.002344 semantic_token_adjacent_cosine=0.403576 prototype_offdiag_cosine_mean=0.746094 prototype_offdiag_cosine_max=0.851562 ssim=0.703773 lpips=0.527344 psnr=19.9627 speed: 0.07 it/s
[abs-train] step=2000 sample=scene0024_01:0 loss_rgb=5.2161 teacher_gs=0.1655 teacher_rgb=0.0051 teacher_eff=1.0000 inst=1.3323 inst_eff=0.0000 inst_w=0.050000 inst_unit_eff=0.0000 teacher_called=1 abs_grad=26237.95 abs_norm=16967.56 inst_grad=24.85 backbone_grad=0.00 teacher_grad=0.00 sem_grad=0.00 gaussians_source=absolute_student old_gs_head_calls=0 psnr=15.84
[INFO] step=2000 epoch=2 579/710 mem: 5.81/47.54G lr: [1e-05, 1e-05, 0.0001, 0.0001] loss: 5.453362 loss_rgb=5.216106 loss_feat=0.000000 loss_ce_cosine=0.000000 loss_boundary_rgb=0.000000 loss_instance_group=1.332294 loss_instance_contrastive=0.000000 loss_semantic_lifting=0.000000 semantic_adapter_grad_norm=0.000000 token_adapter_grad_norm=0.000000 prompt_adapter_grad_norm=0.000000 gaussian_feature_head_grad_norm=0.000000 temperature_grad_norm=0.000000 tokengs_grad_norm=0.000000 temperature=14.285715 semantic_token_variance=0.002450 semantic_token_adjacent_cosine=0.380011 prototype_offdiag_cosine_mean=0.750000 prototype_offdiag_cosine_max=0.851562 ssim=0.542531 lpips=0.703125 psnr=15.8368 speed: 0.08 it/s
[abs-ckpt] saved intra-epoch head checkpoint step=2000
[abs-train] step=2010 sample=scene0204_00:0 loss_rgb=2.6595 teacher_gs=0.1476 teacher_rgb=0.0053 teacher_eff=1.0000 inst=1.2229 inst_eff=0.0000 inst_w=0.050000 inst_unit_eff=0.0000 teacher_called=1 abs_grad=20904.10 abs_norm=16967.57 inst_grad=28.99 backbone_grad=0.00 teacher_grad=0.00 sem_grad=0.00 gaussians_source=absolute_student old_gs_head_calls=0 psnr=18.76
[INFO] step=2010 epoch=2 589/710 mem: 5.81/47.54G lr: [1e-05, 1e-05, 0.0001, 0.0001] loss: 2.873528 loss_rgb=2.659492 loss_feat=0.000000 loss_ce_cosine=0.000000 loss_boundary_rgb=0.000000 loss_instance_group=1.222899 loss_instance_contrastive=0.000000 loss_semantic_lifting=0.000000 semantic_adapter_grad_norm=0.000000 token_adapter_grad_norm=0.000000 prompt_adapter_grad_norm=0.000000 gaussian_feature_head_grad_norm=0.000000 temperature_grad_norm=0.000000 tokengs_grad_norm=0.000000 temperature=14.285715 semantic_token_variance=0.002653 semantic_token_adjacent_cosine=0.323593 prototype_offdiag_cosine_mean=0.707031 prototype_offdiag_cosine_max=0.851562 ssim=0.682811 lpips=0.625000 psnr=18.7623 speed: 0.08 it/s
[abs-train] step=2020 sample=scene0603_00:0 loss_rgb=2.6530 teacher_gs=0.1449 teacher_rgb=0.0027 teacher_eff=1.0000 inst=1.2617 inst_eff=0.0000 inst_w=0.050000 inst_unit_eff=0.0000 teacher_called=1 abs_grad=14581.13 abs_norm=16967.53 inst_grad=19.12 backbone_grad=0.00 teacher_grad=0.00 sem_grad=0.00 gaussians_source=absolute_student old_gs_head_calls=0 psnr=18.77
[INFO] step=2020 epoch=2 599/710 mem: 5.81/47.54G lr: [1e-05, 1e-05, 0.0001, 0.0001] loss: 2.863735 loss_rgb=2.653038 loss_feat=0.000000 loss_ce_cosine=0.000000 loss_boundary_rgb=0.000000 loss_instance_group=1.261733 loss_instance_contrastive=0.000000 loss_semantic_lifting=0.000000 semantic_adapter_grad_norm=0.000000 token_adapter_grad_norm=0.000000 prompt_adapter_grad_norm=0.000000 gaussian_feature_head_grad_norm=0.000000 temperature_grad_norm=0.000000 tokengs_grad_norm=0.000000 temperature=14.285715 semantic_token_variance=0.002466 semantic_token_adjacent_cosine=0.374114 prototype_offdiag_cosine_mean=0.675781 prototype_offdiag_cosine_max=0.832031 ssim=0.593398 lpips=0.621094 psnr=18.7729 speed: 0.10 it/s
[abs-train] step=2030 sample=scene0169_01:0 loss_rgb=1.6559 teacher_gs=0.1436 teacher_rgb=0.0022 teacher_eff=1.0000 inst=1.2095 inst_eff=0.0000 inst_w=0.050000 inst_unit_eff=0.0000 teacher_called=1 abs_grad=23119.64 abs_norm=16967.44 inst_grad=20.18 backbone_grad=0.00 teacher_grad=0.00 sem_grad=0.00 gaussians_source=absolute_student old_gs_head_calls=0 psnr=20.82
[INFO] step=2030 epoch=2 609/710 mem: 5.81/47.54G lr: [1e-05, 1e-05, 0.0001, 0.0001] loss: 1.862116 loss_rgb=1.655865 loss_feat=0.000000 loss_ce_cosine=0.000000 loss_boundary_rgb=0.000000 loss_instance_group=1.209537 loss_instance_contrastive=0.000000 loss_semantic_lifting=0.000000 semantic_adapter_grad_norm=0.000000 token_adapter_grad_norm=0.000000 prompt_adapter_grad_norm=0.000000 gaussian_feature_head_grad_norm=0.000000 temperature_grad_norm=0.000000 tokengs_grad_norm=0.000000 temperature=14.285715 semantic_token_variance=0.002538 semantic_token_adjacent_cosine=0.357807 prototype_offdiag_cosine_mean=0.589844 prototype_offdiag_cosine_max=0.851562 ssim=0.680463 lpips=0.593750 psnr=20.8201 speed: 0.09 it/s
[abs-train] step=2040 sample=scene0646_00:0 loss_rgb=3.5758 teacher_gs=0.1455 teacher_rgb=0.0038 teacher_eff=1.0000 inst=1.2793 inst_eff=0.0000 inst_w=0.050000 inst_unit_eff=0.0000 teacher_called=1 abs_grad=25986.07 abs_norm=16967.47 inst_grad=25.17 backbone_grad=0.00 teacher_grad=0.00 sem_grad=0.00 gaussians_source=absolute_student old_gs_head_calls=0 psnr=17.48
[INFO] step=2040 epoch=2 619/710 mem: 5.81/47.54G lr: [1e-05, 1e-05, 0.0001, 0.0001] loss: 3.788983 loss_rgb=3.575795 loss_feat=0.000000 loss_ce_cosine=0.000000 loss_boundary_rgb=0.000000 loss_instance_group=1.279318 loss_instance_contrastive=0.000000 loss_semantic_lifting=0.000000 semantic_adapter_grad_norm=0.000000 token_adapter_grad_norm=0.000000 prompt_adapter_grad_norm=0.000000 gaussian_feature_head_grad_norm=0.000000 temperature_grad_norm=0.000000 tokengs_grad_norm=0.000000 temperature=14.285715 semantic_token_variance=0.002464 semantic_token_adjacent_cosine=0.376115 prototype_offdiag_cosine_mean=0.734375 prototype_offdiag_cosine_max=0.832031 ssim=0.544156 lpips=0.632812 psnr=17.4766 speed: 0.07 it/s
[abs-train] step=2050 sample=scene0675_01:0 loss_rgb=1.9787 teacher_gs=0.1476 teacher_rgb=0.0013 teacher_eff=1.0000 inst=1.2314 inst_eff=0.0000 inst_w=0.050000 inst_unit_eff=0.0000 teacher_called=1 abs_grad=11463.85 abs_norm=16967.56 inst_grad=39.20 backbone_grad=0.00 teacher_grad=0.00 sem_grad=0.00 gaussians_source=absolute_student old_gs_head_calls=0 psnr=20.05
[INFO] step=2050 epoch=2 629/710 mem: 5.81/47.54G lr: [1e-05, 1e-05, 0.0001, 0.0001] loss: 2.189205 loss_rgb=1.978710 loss_feat=0.000000 loss_ce_cosine=0.000000 loss_boundary_rgb=0.000000 loss_instance_group=1.231402 loss_instance_contrastive=0.000000 loss_semantic_lifting=0.000000 semantic_adapter_grad_norm=0.000000 token_adapter_grad_norm=0.000000 prompt_adapter_grad_norm=0.000000 gaussian_feature_head_grad_norm=0.000000 temperature_grad_norm=0.000000 tokengs_grad_norm=0.000000 temperature=14.285715 semantic_token_variance=0.002555 semantic_token_adjacent_cosine=0.351756 prototype_offdiag_cosine_mean=0.726562 prototype_offdiag_cosine_max=0.851562 ssim=0.777107 lpips=0.546875 psnr=20.0465 speed: 0.09 it/s
[abs-train] step=2060 sample=scene0177_00:0 loss_rgb=2.5530 teacher_gs=0.1611 teacher_rgb=0.0027 teacher_eff=1.0000 inst=1.2123 inst_eff=0.0000 inst_w=0.050000 inst_unit_eff=0.0000 teacher_called=1 abs_grad=31970.87 abs_norm=16967.54 inst_grad=22.00 backbone_grad=0.00 teacher_grad=0.00 sem_grad=0.00 gaussians_source=absolute_student old_gs_head_calls=0 psnr=18.94
[INFO] step=2060 epoch=2 639/710 mem: 5.81/47.54G lr: [1e-05, 1e-05, 0.0001, 0.0001] loss: 2.777438 loss_rgb=2.552973 loss_feat=0.000000 loss_ce_cosine=0.000000 loss_boundary_rgb=0.000000 loss_instance_group=1.212254 loss_instance_contrastive=0.000000 loss_semantic_lifting=0.000000 semantic_adapter_grad_norm=0.000000 token_adapter_grad_norm=0.000000 prompt_adapter_grad_norm=0.000000 gaussian_feature_head_grad_norm=0.000000 temperature_grad_norm=0.000000 tokengs_grad_norm=0.000000 temperature=14.285715 semantic_token_variance=0.002346 semantic_token_adjacent_cosine=0.406008 prototype_offdiag_cosine_mean=0.734375 prototype_offdiag_cosine_max=0.851562 ssim=0.731260 lpips=0.597656 psnr=18.9398 speed: 0.07 it/s
[abs-train] step=2070 sample=scene0582_00:0 loss_rgb=3.9047 teacher_gs=0.1270 teacher_rgb=0.0047 teacher_eff=1.0000 inst=1.2326 inst_eff=0.0000 inst_w=0.050000 inst_unit_eff=0.0000 teacher_called=1 abs_grad=9835.64 abs_norm=16967.54 inst_grad=29.89 backbone_grad=0.00 teacher_grad=0.00 sem_grad=0.00 gaussians_source=absolute_student old_gs_head_calls=0 psnr=17.09
[INFO] step=2070 epoch=2 649/710 mem: 5.81/47.54G lr: [1e-05, 1e-05, 0.0001, 0.0001] loss: 4.098020 loss_rgb=3.904697 loss_feat=0.000000 loss_ce_cosine=0.000000 loss_boundary_rgb=0.000000 loss_instance_group=1.232645 loss_instance_contrastive=0.000000 loss_semantic_lifting=0.000000 semantic_adapter_grad_norm=0.000000 token_adapter_grad_norm=0.000000 prompt_adapter_grad_norm=0.000000 gaussian_feature_head_grad_norm=0.000000 temperature_grad_norm=0.000000 tokengs_grad_norm=0.000000 temperature=14.285715 semantic_token_variance=0.002641 semantic_token_adjacent_cosine=0.332034 prototype_offdiag_cosine_mean=0.750000 prototype_offdiag_cosine_max=0.851562 ssim=0.528425 lpips=0.609375 psnr=17.0944 speed: 0.07 it/s
[abs-train] step=2080 sample=scene0570_00:0 loss_rgb=1.2988 teacher_gs=0.1300 teacher_rgb=0.0007 teacher_eff=1.0000 inst=1.1712 inst_eff=0.0000 inst_w=0.050000 inst_unit_eff=0.0000 teacher_called=1 abs_grad=6382.68 abs_norm=16967.55 inst_grad=26.55 backbone_grad=0.00 teacher_grad=0.00 sem_grad=0.00 gaussians_source=absolute_student old_gs_head_calls=0 psnr=21.88
[INFO] step=2080 epoch=2 659/710 mem: 5.81/47.54G lr: [1e-05, 1e-05, 0.0001, 0.0001] loss: 1.488060 loss_rgb=1.298756 loss_feat=0.000000 loss_ce_cosine=0.000000 loss_boundary_rgb=0.000000 loss_instance_group=1.171219 loss_instance_contrastive=0.000000 loss_semantic_lifting=0.000000 semantic_adapter_grad_norm=0.000000 token_adapter_grad_norm=0.000000 prompt_adapter_grad_norm=0.000000 gaussian_feature_head_grad_norm=0.000000 temperature_grad_norm=0.000000 tokengs_grad_norm=0.000000 temperature=14.285715 semantic_token_variance=0.002606 semantic_token_adjacent_cosine=0.338618 prototype_offdiag_cosine_mean=0.734375 prototype_offdiag_cosine_max=0.851562 ssim=0.780819 lpips=0.558594 psnr=21.8750 speed: 0.08 it/s
[abs-train] step=2090 sample=scene0592_00:0 loss_rgb=3.4568 teacher_gs=0.1355 teacher_rgb=0.0041 teacher_eff=1.0000 inst=1.2316 inst_eff=0.0000 inst_w=0.050000 inst_unit_eff=0.0000 teacher_called=1 abs_grad=9446.54 abs_norm=16967.56 inst_grad=29.50 backbone_grad=0.00 teacher_grad=0.00 sem_grad=0.00 gaussians_source=absolute_student old_gs_head_calls=0 psnr=17.62
[INFO] step=2090 epoch=2 669/710 mem: 5.81/47.54G lr: [1e-05, 1e-05, 0.0001, 0.0001] loss: 3.657990 loss_rgb=3.456801 loss_feat=0.000000 loss_ce_cosine=0.000000 loss_boundary_rgb=0.000000 loss_instance_group=1.231562 loss_instance_contrastive=0.000000 loss_semantic_lifting=0.000000 semantic_adapter_grad_norm=0.000000 token_adapter_grad_norm=0.000000 prompt_adapter_grad_norm=0.000000 gaussian_feature_head_grad_norm=0.000000 temperature_grad_norm=0.000000 tokengs_grad_norm=0.000000 temperature=14.285715 semantic_token_variance=0.002599 semantic_token_adjacent_cosine=0.340100 prototype_offdiag_cosine_mean=0.726562 prototype_offdiag_cosine_max=0.851562 ssim=0.609006 lpips=0.648438 psnr=17.6236 speed: 0.08 it/s
[abs-train] step=2100 sample=scene0172_00:0 loss_rgb=2.5664 teacher_gs=0.1698 teacher_rgb=0.0120 teacher_eff=1.0000 inst=1.2886 inst_eff=0.0000 inst_w=0.050000 inst_unit_eff=0.0000 teacher_called=1 abs_grad=9106.99 abs_norm=16967.59 inst_grad=26.11 backbone_grad=0.00 teacher_grad=0.00 sem_grad=0.00 gaussians_source=absolute_student old_gs_head_calls=0 psnr=18.92
[INFO] step=2100 epoch=2 679/710 mem: 5.81/47.54G lr: [1e-05, 1e-05, 0.0001, 0.0001] loss: 2.812608 loss_rgb=2.566389 loss_feat=0.000000 loss_ce_cosine=0.000000 loss_boundary_rgb=0.000000 loss_instance_group=1.288576 loss_instance_contrastive=0.000000 loss_semantic_lifting=0.000000 semantic_adapter_grad_norm=0.000000 token_adapter_grad_norm=0.000000 prompt_adapter_grad_norm=0.000000 gaussian_feature_head_grad_norm=0.000000 temperature_grad_norm=0.000000 tokengs_grad_norm=0.000000 temperature=14.285715 semantic_token_variance=0.002419 semantic_token_adjacent_cosine=0.385345 prototype_offdiag_cosine_mean=0.746094 prototype_offdiag_cosine_max=0.851562 ssim=0.666804 lpips=0.671875 psnr=18.9171 speed: 0.07 it/s
[abs-train] step=2110 sample=scene0137_01:0 loss_rgb=0.6114 teacher_gs=0.1608 teacher_rgb=0.0013 teacher_eff=1.0000 inst=0.8843 inst_eff=0.0000 inst_w=0.050000 inst_unit_eff=0.0000 teacher_called=1 abs_grad=14109.78 abs_norm=16967.58 inst_grad=22.76 backbone_grad=0.00 teacher_grad=0.00 sem_grad=0.00 gaussians_source=absolute_student old_gs_head_calls=0 psnr=25.15
[INFO] step=2110 epoch=2 689/710 mem: 5.81/47.54G lr: [1e-05, 1e-05, 0.0001, 0.0001] loss: 0.817731 loss_rgb=0.611403 loss_feat=0.000000 loss_ce_cosine=0.000000 loss_boundary_rgb=0.000000 loss_instance_group=0.884284 loss_instance_contrastive=0.000000 loss_semantic_lifting=0.000000 semantic_adapter_grad_norm=0.000000 token_adapter_grad_norm=0.000000 prompt_adapter_grad_norm=0.000000 gaussian_feature_head_grad_norm=0.000000 temperature_grad_norm=0.000000 tokengs_grad_norm=0.000000 temperature=14.285715 semantic_token_variance=0.002322 semantic_token_adjacent_cosine=0.410721 prototype_offdiag_cosine_mean=0.750000 prototype_offdiag_cosine_max=0.851562 ssim=0.759104 lpips=0.582031 psnr=25.1470 speed: 0.08 it/s
[abs-train] step=2120 sample=scene0079_00:0 loss_rgb=2.0186 teacher_gs=0.1540 teacher_rgb=0.0037 teacher_eff=1.0000 inst=1.1066 inst_eff=0.0000 inst_w=0.050000 inst_unit_eff=0.0000 teacher_called=1 abs_grad=17970.15 abs_norm=16967.57 inst_grad=24.25 backbone_grad=0.00 teacher_grad=0.00 sem_grad=0.00 gaussians_source=absolute_student old_gs_head_calls=0 psnr=19.96
[INFO] step=2120 epoch=2 699/710 mem: 5.81/47.54G lr: [1e-05, 1e-05, 0.0001, 0.0001] loss: 2.231620 loss_rgb=2.018571 loss_feat=0.000000 loss_ce_cosine=0.000000 loss_boundary_rgb=0.000000 loss_instance_group=1.106638 loss_instance_contrastive=0.000000 loss_semantic_lifting=0.000000 semantic_adapter_grad_norm=0.000000 token_adapter_grad_norm=0.000000 prompt_adapter_grad_norm=0.000000 gaussian_feature_head_grad_norm=0.000000 temperature_grad_norm=0.000000 tokengs_grad_norm=0.000000 temperature=14.285715 semantic_token_variance=0.002606 semantic_token_adjacent_cosine=0.342432 prototype_offdiag_cosine_mean=0.726562 prototype_offdiag_cosine_max=0.851562 ssim=0.631808 lpips=0.656250 psnr=19.9599 speed: 0.09 it/s
[abs-ckpt] saved intra-epoch head checkpoint step=2125
[abs-train] step=2130 sample=scene0091_00:0 loss_rgb=2.5348 teacher_gs=0.1360 teacher_rgb=0.0045 teacher_eff=1.0000 inst=1.1707 inst_eff=0.0000 inst_w=0.050000 inst_unit_eff=0.0000 teacher_called=1 abs_grad=26146.06 abs_norm=16967.59 inst_grad=20.28 backbone_grad=0.00 teacher_grad=0.00 sem_grad=0.00 gaussians_source=absolute_student old_gs_head_calls=0 psnr=18.97
[INFO] step=2130 epoch=2 709/710 mem: 5.81/47.54G lr: [1e-05, 1e-05, 0.0001, 0.0001] loss: 2.733873 loss_rgb=2.534814 loss_feat=0.000000 loss_ce_cosine=0.000000 loss_boundary_rgb=0.000000 loss_instance_group=1.170722 loss_instance_contrastive=0.000000 loss_semantic_lifting=0.000000 semantic_adapter_grad_norm=0.000000 token_adapter_grad_norm=0.000000 prompt_adapter_grad_norm=0.000000 gaussian_feature_head_grad_norm=0.000000 temperature_grad_norm=0.000000 tokengs_grad_norm=0.000000 temperature=14.285715 semantic_token_variance=0.002589 semantic_token_adjacent_cosine=0.345483 prototype_offdiag_cosine_mean=0.750000 prototype_offdiag_cosine_max=0.851562 ssim=0.559445 lpips=0.621094 psnr=18.9708 speed: 0.08 it/s
[train] epoch: 2 loss: 2.678771 psnr: 19.6610
[abs-recon-epoch] epoch=2 samples_this_epoch=710 cumulative_step=2130
[eval] epoch: 2 psnr: 18.9091 (count=3)
[prompt-checkpoint] step=2130 path=/datapool/mawb/tokengs/workspace/semantic_v6_absolute_units_true_shared_head_only_m0_ddp8/checkpoints/model_step_002130.safetensors
[prompt-best] step=2130 selection_metric=psnr selection_psnr=18.9091 path=/datapool/mawb/tokengs/workspace/semantic_v6_absolute_units_true_shared_head_only_m0_ddp8/model_best.safetensors
[INFO] Training completed successfully after 3 epochs
[rank0]:[W905 22:13:23.681175653 ProcessGroupNCCL.cpp:1476] Warning: WARNING: destroy_process_group() was not called before program exit, which can leak resources. For more info, please see https://pytorch.org/docs/stable/distributed.html#shutdown (function operator())
